omega_frac,t,z,vz
0.25,0.000000,0.048049,0.001941
0.25,0.008333,0.047948,-0.005135
0.25,0.016667,0.047912,-0.011107
0.25,0.025000,0.047956,0.007317
0.25,0.033333,0.047867,-0.009106
0.25,0.041667,0.047965,0.020209
0.25,0.050000,0.047906,-0.010245
0.25,0.058333,0.047824,-0.016854
0.25,0.066667,0.047943,0.013374
0.25,0.075000,0.047939,-0.025868
0.25,0.083333,0.047828,-0.012098
0.25,0.091667,0.047886,-0.004426
0.25,0.100000,0.047832,-0.004672
0.25,0.108333,0.047911,0.007726
0.25,0.116667,0.047888,-0.001851
0.25,0.125000,0.047842,-0.018582
0.25,0.133333,0.047809,-0.021922
0.25,0.141667,0.047901,-0.006093
0.25,0.150000,0.047885,0.000441
0.25,0.158333,0.047939,-0.004640
0.25,0.166667,0.047904,-0.012304
0.25,0.175000,0.047856,-0.025958
0.25,0.183333,0.047879,-0.007220
0.25,0.191667,0.047857,-0.015952
0.25,0.200000,0.047822,-0.018920
0.25,0.208333,0.047826,-0.023464
0.25,0.216667,0.047831,-0.017109
0.25,0.225000,0.047915,0.006105
0.25,0.233333,0.047910,0.002178
0.25,0.241667,0.047913,-0.012796
0.25,0.250000,0.047799,-0.015571
0.25,0.258333,0.047876,-0.007152
0.25,0.266667,0.047774,-0.020253
0.25,0.275000,0.047905,-0.006483
0.25,0.283333,0.047857,-0.012979
0.25,0.291667,0.047843,-0.016423
0.25,0.300000,0.047862,-0.004480
0.25,0.308333,0.047901,-0.003793
0.25,0.316667,0.047912,-0.004166
0.25,0.325000,0.047818,-0.013319
0.25,0.333333,0.047949,-0.003227
0.25,0.341667,0.047864,0.002033
0.25,0.350000,0.047798,-0.015740
0.25,0.358333,0.047915,-0.018227
0.25,0.366667,0.047784,-0.027570
0.25,0.375000,0.047886,-0.031170
0.25,0.383333,0.047895,-0.002832
0.25,0.391667,0.047919,-0.009320
0.25,0.400000,0.047879,-0.011070
0.25,0.408333,0.047791,-0.019199
0.25,0.416667,0.047736,-0.025048
0.25,0.425000,0.047849,-0.009891
0.25,0.433333,0.047850,-0.015086
0.25,0.441667,0.047842,-0.016480
0.25,0.450000,0.047805,-0.010631
0.25,0.458333,0.047925,-0.006135
0.25,0.466667,0.047895,-0.008490
0.25,0.475000,0.048317,0.043965
0.25,0.483333,0.048010,-0.034453
0.25,0.491667,0.047818,-0.010337
0.25,0.500000,0.047897,-0.008983
0.25,0.508333,0.047857,-0.016635
0.25,0.516667,0.047817,-0.027153
0.25,0.525000,0.047820,-0.028540
0.25,0.533333,0.047815,-0.009990
0.25,0.541667,0.047910,0.000945
0.25,0.550000,0.047891,-0.006584
0.25,0.558333,0.047839,-0.017238
0.25,0.566667,0.047862,-0.008934
0.25,0.575000,0.047816,-0.017299
0.25,0.583333,0.047837,-0.014516
0.25,0.591667,0.047915,-0.024756
0.25,0.600000,0.047813,-0.014254
0.25,0.608333,0.047967,0.015932
0.25,0.616667,0.047826,-0.015396
0.25,0.625000,0.047909,-0.001348
0.25,0.633333,0.047984,0.007313
0.25,0.641667,0.047833,-0.019451
0.25,0.650000,0.047882,-0.011955
0.25,0.658333,0.047819,-0.008453
0.25,0.666667,0.047889,0.002894
0.25,0.675000,0.047730,-0.023030
0.25,0.683333,0.047910,0.009324
0.25,0.691667,0.047859,-0.006606
0.25,0.700000,0.047888,-0.003516
0.25,0.708333,0.047889,-0.005458
0.25,0.716667,0.047862,-0.013392
0.25,0.725000,0.047788,-0.021102
0.25,0.733333,0.047889,-0.006694
0.25,0.741667,0.047817,-0.024326
0.25,0.750000,0.047831,-0.021395
0.25,0.758333,0.047820,-0.016305
0.25,0.766667,0.047805,-0.013109
0.25,0.775000,0.047918,-0.005598
0.25,0.783333,0.047881,0.002271
0.25,0.791667,0.047917,-0.010356
0.25,0.800000,0.047828,-0.017855
0.25,0.808333,0.047793,-0.027642
0.25,0.816667,0.047771,-0.011462
0.25,0.825000,0.047933,-0.009398
0.25,0.833333,0.047953,-0.002914
0.25,0.841667,0.047812,-0.003635
0.25,0.850000,0.047869,-0.000849
0.25,0.858333,0.047864,0.008854
0.25,0.866667,0.047881,-0.009365
0.25,0.875000,0.047857,-0.016792
0.25,0.883333,0.047725,-0.036185
0.25,0.891667,0.047773,-0.024456
0.25,0.900000,0.047910,-0.005135
0.25,0.908333,0.047851,-0.009907
0.25,0.916667,0.047899,0.004463
0.25,0.925000,0.047860,-0.016837
0.25,0.933333,0.047884,-0.009006
0.25,0.941667,0.047836,-0.004325
0.25,0.950000,0.047937,-0.001277
0.25,0.958333,0.047881,-0.016355
0.25,0.966667,0.047749,-0.042472
0.25,0.975000,0.047896,-0.011397
0.25,0.983333,0.047741,-0.022408
0.25,0.991667,0.047866,-0.014467
0.25,1.000000,0.047842,-0.007333
0.25,1.008333,0.047783,-0.018322
0.25,1.016667,0.047890,-0.000532
0.25,1.025000,0.047922,0.005243
0.25,1.033333,0.047934,-0.031160
0.25,1.041667,0.047793,-0.022921
0.25,1.050000,0.047844,-0.005251
0.25,1.058333,0.047825,-0.014888
0.25,1.066667,0.047870,-0.009394
0.25,1.075000,0.047901,-0.020962
0.25,1.083333,0.047826,-0.022781
0.25,1.091667,0.047839,-0.006337
0.25,1.100000,0.047958,0.012388
0.25,1.108333,0.047961,0.009730
0.25,1.116667,0.047853,-0.016781
0.25,1.125000,0.047826,-0.023929
0.25,1.133333,0.047680,-0.019704
0.25,1.141667,0.047876,-0.020931
0.25,1.150000,0.047758,-0.024952
0.25,1.158333,0.047918,0.010342
0.25,1.166667,0.047843,-0.012445
0.25,1.175000,0.047889,-0.013878
0.25,1.183333,0.047848,-0.018485
0.25,1.191667,0.047915,-0.003865
0.25,1.200000,0.047814,-0.016578
0.25,1.208333,0.047794,-0.013696
0.25,1.216667,0.047789,-0.006913
0.25,1.225000,0.047906,-0.007839
0.25,1.233333,0.047817,-0.003631
0.25,1.241667,0.047922,0.003309
0.25,1.250000,0.047843,0.001140
0.25,1.258333,0.047857,-0.022115
0.25,1.266667,0.048045,0.012228
0.25,1.275000,0.048644,0.046280
0.25,1.283333,0.048358,-0.033471
0.25,1.291667,0.047735,-0.051439
0.25,1.300000,0.047850,0.001973
0.25,1.308333,0.047823,-0.030102
0.25,1.316667,0.047870,-0.007852
0.25,1.325000,0.047864,-0.008917
0.25,1.333333,0.047879,-0.018136
0.25,1.341667,0.047915,0.007691
0.25,1.350000,0.047854,-0.009873
0.25,1.358333,0.047812,-0.024348
0.25,1.366667,0.047891,-0.015487
0.25,1.375000,0.047805,-0.015875
0.25,1.383333,0.047842,-0.016888
0.25,1.391667,0.047795,-0.003978
0.25,1.400000,0.047898,-0.005849
0.25,1.408333,0.047846,-0.005791
0.25,1.416667,0.047896,0.002729
0.25,1.425000,0.047938,-0.002742
0.25,1.433333,0.047826,-0.017017
0.25,1.441667,0.047856,-0.025063
0.25,1.450000,0.047787,-0.017388
0.25,1.458333,0.047817,-0.021464
0.25,1.466667,0.047843,-0.019697
0.25,1.475000,0.047868,-0.010813
0.25,1.483333,0.047845,-0.016812
0.25,1.491667,0.047821,-0.000406
0.25,1.500000,0.048000,-0.018969
0.25,1.508333,0.047865,-0.018189
0.25,1.516667,0.047876,-0.007531
0.25,1.525000,0.047896,0.002687
0.25,1.533333,0.047926,0.007230
0.25,1.541667,0.047848,-0.015082
0.25,1.550000,0.047850,-0.008748
0.25,1.558333,0.047863,-0.003600
0.25,1.566667,0.047882,-0.004994
0.25,1.575000,0.047868,0.003291
0.25,1.583333,0.047852,-0.013130
0.25,1.591667,0.047839,-0.020775
0.25,1.600000,0.047824,-0.019752
0.25,1.608333,0.047843,-0.017659
0.25,1.616667,0.047864,-0.008334
0.25,1.625000,0.047847,-0.008771
0.25,1.633333,0.047851,-0.019298
0.25,1.641667,0.047794,-0.008610
0.25,1.650000,0.047892,0.010003
0.25,1.658333,0.047933,0.006516
0.25,1.666667,0.047874,-0.010900
0.25,1.675000,0.047816,-0.020558
0.25,1.683333,0.047758,-0.020416
0.25,1.691667,0.047940,0.018732
0.25,1.700000,0.047902,-0.008484
0.25,1.708333,0.047841,-0.006463
0.25,1.716667,0.047904,0.015786
0.25,1.725000,0.047885,0.011847
0.25,1.733333,0.047917,0.011658
0.25,1.741667,0.047882,-0.005083
0.25,1.750000,0.047882,-0.025469
0.25,1.758333,0.047758,-0.035347
0.25,1.766667,0.047829,-0.015747
0.25,1.775000,0.047851,-0.010869
0.25,1.783333,0.047861,-0.014038
0.25,1.791667,0.047791,-0.023651
0.25,1.800000,0.047814,-0.027272
0.25,1.808333,0.047833,-0.010076
0.25,1.816667,0.047946,0.004330
0.25,1.825000,0.047838,-0.011503
0.25,1.833333,0.047834,-0.041250
0.25,1.841667,0.047706,-0.035289
0.25,1.850000,0.047821,-0.018681
0.25,1.858333,0.047835,-0.014764
0.25,1.866667,0.047799,-0.021456
0.25,1.875000,0.047819,-0.023533
0.25,1.883333,0.047866,-0.008234
0.25,1.891667,0.047911,0.009206
0.25,1.900000,0.048341,0.057603
0.25,1.908333,0.048318,0.007635
0.25,1.916667,0.047940,-0.046634
0.25,1.925000,0.047871,-0.002688
0.25,1.933333,0.047908,-0.003397
0.25,1.941667,0.047782,-0.018999
0.25,1.950000,0.047793,-0.009395
0.25,1.958333,0.047855,-0.020930
0.25,1.966667,0.047927,-0.021134
0.25,1.975000,0.047966,-0.027191
0.25,1.983333,0.047843,-0.017597
0.25,1.991667,0.047799,-0.016433
0.25,2.000000,0.047827,-0.019633
0.25,2.008333,0.047792,-0.020355
0.25,2.016667,0.047883,-0.018775
0.25,2.025000,0.047833,-0.011831
0.25,2.033333,0.047872,-0.021198
0.25,2.041667,0.047826,-0.007101
0.25,2.050000,0.047893,0.000721
0.25,2.058333,0.047887,-0.014981
0.25,2.066667,0.047904,0.002683
0.25,2.075000,0.047889,-0.011435
0.25,2.083333,0.047874,-0.009811
0.25,2.091667,0.047827,-0.001708
0.25,2.100000,0.047859,-0.002980
0.25,2.108333,0.047830,-0.016156
0.25,2.116667,0.047867,0.006791
0.25,2.125000,0.047840,0.006819
0.25,2.133333,0.047837,0.000693
0.25,2.141667,0.047843,-0.014580
0.25,2.150000,0.047788,-0.026038
0.25,2.158333,0.047798,-0.027945
0.25,2.166667,0.047885,-0.000095
0.25,2.175000,0.047891,-0.039143
0.25,2.183333,0.047834,-0.028559
0.25,2.191667,0.047855,-0.017558
0.25,2.200000,0.047896,0.002338
0.25,2.208333,0.047915,0.001828
0.25,2.216667,0.047880,0.004221
0.25,2.225000,0.047880,-0.009763
0.25,2.233333,0.047791,-0.015869
0.25,2.241667,0.047913,-0.010780
0.25,2.250000,0.047894,-0.007875
0.25,2.258333,0.047845,-0.016658
0.25,2.266667,0.047845,-0.011833
0.25,2.275000,0.047830,-0.011885
0.25,2.283333,0.047936,0.016851
0.25,2.291667,0.047980,-0.005976
0.25,2.300000,0.047870,-0.017013
0.25,2.308333,0.047870,-0.028552
0.25,2.316667,0.047817,-0.015628
0.25,2.325000,0.047856,-0.009238
0.25,2.333333,0.047880,-0.016892
0.25,2.341667,0.047855,-0.002698
0.25,2.350000,0.047871,-0.014190
0.25,2.358333,0.047889,0.004304
0.25,2.366667,0.047911,-0.000051
0.25,2.375000,0.047893,-0.012742
0.25,2.383333,0.047864,-0.009542
0.25,2.391667,0.047854,-0.018516
0.25,2.400000,0.047766,-0.021668
0.25,2.408333,0.047796,-0.021311
0.25,2.416667,0.047821,-0.011761
0.25,2.425000,0.047867,-0.004654
0.25,2.433333,0.047885,0.004372
0.25,2.441667,0.047916,0.010699
0.25,2.450000,0.047940,-0.000265
0.25,2.458333,0.047891,-0.010167
0.25,2.466667,0.047804,-0.019024
0.25,2.475000,0.047894,-0.009651
0.25,2.483333,0.047865,-0.004502
0.25,2.491667,0.047878,-0.012381
0.25,2.500000,0.047863,-0.012177
0.25,2.508333,0.047847,-0.026875
0.25,2.516667,0.047860,-0.005581
0.25,2.525000,0.047805,0.014656
0.25,2.533333,0.048090,-0.029510
0.25,2.541667,0.047878,-0.043467
0.25,2.550000,0.047726,-0.015408
0.25,2.558333,0.047808,-0.016413
0.25,2.566667,0.047883,-0.007725
0.25,2.575000,0.047839,0.002688
0.25,2.583333,0.047927,-0.000564
0.25,2.591667,0.047826,-0.016879
0.25,2.600000,0.047889,-0.000002
0.25,2.608333,0.047901,-0.005026
0.25,2.616667,0.047920,-0.007945
0.25,2.625000,0.047856,-0.010867
0.25,2.633333,0.047942,0.010052
0.25,2.641667,0.047732,-0.032693
0.25,2.650000,0.047811,-0.008516
0.25,2.658333,0.047853,-0.015886
0.25,2.666667,0.047823,-0.019269
0.25,2.675000,0.047831,-0.003648
0.25,2.683333,0.047818,-0.011341
0.25,2.691667,0.047930,-0.002689
0.25,2.700000,0.047821,-0.018541
0.25,2.708333,0.047825,-0.034128
0.25,2.716667,0.047793,-0.014254
0.25,2.725000,0.047865,-0.008433
0.25,2.733333,0.047840,-0.015899
0.25,2.741667,0.047810,-0.026688
0.25,2.750000,0.047812,-0.017216
0.25,2.758333,0.047888,0.000143
0.25,2.766667,0.047907,-0.001972
0.25,2.775000,0.047899,-0.008960
0.25,2.783333,0.047825,-0.022378
0.25,2.791667,0.047854,-0.010286
0.25,2.800000,0.047903,-0.002525
0.25,2.808333,0.047849,-0.015861
0.25,2.816667,0.047897,-0.012489
0.25,2.825000,0.047890,-0.007918
0.25,2.833333,0.047930,-0.002759
0.25,2.841667,0.047813,-0.007464
0.25,2.850000,0.047880,-0.006899
0.25,2.858333,0.047874,-0.018983
0.25,2.866667,0.047825,-0.014916
0.25,2.875000,0.047844,-0.022077
0.25,2.883333,0.047896,-0.002909
0.25,2.891667,0.047847,-0.009394
0.25,2.900000,0.047779,-0.028645
0.25,2.908333,0.047867,-0.013972
0.25,2.916667,0.047879,-0.007867
0.25,2.925000,0.047875,0.008619
0.25,2.933333,0.047902,-0.011520
0.25,2.941667,0.047802,-0.015886
0.25,2.950000,0.047814,-0.024933
0.25,2.958333,0.047789,-0.024502
0.25,2.966667,0.047762,-0.018624
0.25,2.975000,0.047884,0.002207
0.25,2.983333,0.047840,-0.004759
0.25,2.991667,0.047830,-0.014973
0.25,3.000000,0.047862,-0.002346
0.25,3.008333,0.047832,-0.015420
0.25,3.016667,0.047865,-0.009439
0.25,3.025000,0.048046,0.009544
0.25,3.033333,0.047817,-0.018713
0.25,3.041667,0.047874,-0.000203
0.25,3.050000,0.047870,-0.006790
0.25,3.058333,0.047865,-0.012904
0.25,3.066667,0.047921,0.013625
0.25,3.075000,0.047921,0.009678
0.25,3.083333,0.047938,0.000244
0.25,3.091667,0.047976,0.011321
0.25,3.100000,0.047842,-0.013941
0.25,3.108333,0.047826,-0.019220
0.25,3.116667,0.047890,-0.012043
0.25,3.125000,0.047801,-0.017097
0.25,3.133333,0.047821,-0.016467
0.25,3.141667,0.047924,0.007296
0.25,3.150000,0.047813,-0.010758
0.25,3.158333,0.047896,-0.001049
0.25,3.166667,0.047941,0.002835
0.25,3.175000,0.047855,-0.007986
0.25,3.183333,0.047921,-0.004585
0.25,3.191667,0.047769,-0.023345
0.25,3.200000,0.047815,-0.024980
0.25,3.208333,0.047855,-0.024589
0.25,3.216667,0.047889,-0.016062
0.25,3.225000,0.047832,-0.009576
0.25,3.233333,0.047913,-0.006995
0.25,3.241667,0.047874,-0.006860
0.25,3.250000,0.047814,-0.020065
0.25,3.258333,0.047762,-0.030014
0.25,3.266667,0.047900,-0.022204
0.25,3.275000,0.047835,-0.014337
0.25,3.283333,0.047842,-0.016889
0.25,3.291667,0.047862,-0.005025
0.25,3.300000,0.047860,-0.001600
0.25,3.308333,0.047845,-0.008801
0.25,3.316667,0.047853,-0.012132
0.25,3.325000,0.047860,-0.025663
0.25,3.333333,0.047905,-0.009210
0.25,3.341667,0.047836,-0.020552
0.25,3.350000,0.047781,-0.026284
0.25,3.358333,0.047854,-0.010089
0.25,3.366667,0.047837,-0.021468
0.25,3.375000,0.047812,-0.015189
0.25,3.383333,0.047896,-0.006538
0.25,3.391667,0.047771,-0.023305
0.25,3.400000,0.047932,-0.001697
0.25,3.408333,0.047875,-0.005478
0.25,3.416667,0.047843,-0.009610
0.25,3.425000,0.047874,-0.012119
0.25,3.433333,0.047817,-0.021781
0.25,3.441667,0.047891,-0.005164
0.25,3.450000,0.047822,-0.010657
0.25,3.458333,0.047861,0.009095
0.25,3.466667,0.047898,0.006680
0.25,3.475000,0.047913,-0.007711
0.25,3.483333,0.047803,-0.022541
0.25,3.491667,0.047840,-0.016056
0.25,3.500000,0.047767,-0.033407
0.25,3.508333,0.047806,-0.032772
0.25,3.516667,0.047847,-0.027639
0.25,3.525000,0.047817,-0.013793
0.25,3.533333,0.047910,-0.008420
0.25,3.541667,0.047889,-0.000285
0.25,3.550000,0.047841,-0.012494
0.25,3.558333,0.047860,-0.012790
0.25,3.566667,0.047890,-0.023742
0.25,3.575000,0.048052,0.021488
0.25,3.583333,0.047958,-0.016262
0.25,3.591667,0.047831,-0.009549
0.25,3.600000,0.047784,-0.024273
0.25,3.608333,0.047898,-0.009631
0.25,3.616667,0.047819,-0.020222
0.25,3.625000,0.047881,-0.014475
0.25,3.633333,0.047868,-0.009939
0.25,3.641667,0.047854,-0.006099
0.25,3.650000,0.048037,0.015658
0.25,3.658333,0.047856,-0.012534
0.25,3.666667,0.047857,0.001671
0.25,3.675000,0.047848,-0.014693
0.25,3.683333,0.047888,-0.005526
0.25,3.691667,0.047870,-0.011743
0.25,3.700000,0.047900,-0.011846
0.25,3.708333,0.047865,-0.011271
0.25,3.716667,0.047882,0.000607
0.25,3.725000,0.047879,0.005076
0.25,3.733333,0.047858,-0.000267
0.25,3.741667,0.047911,-0.024116
0.25,3.750000,0.047809,-0.016759
0.25,3.758333,0.047845,-0.026888
0.25,3.766667,0.047810,-0.005820
0.25,3.775000,0.047880,-0.013544
0.25,3.783333,0.047847,-0.000748
0.25,3.791667,0.047802,-0.015795
0.25,3.800000,0.047931,-0.022355
0.25,3.808333,0.047754,-0.024195
0.25,3.816667,0.047857,-0.009235
0.25,3.825000,0.047874,-0.009587
0.25,3.833333,0.047731,-0.010321
0.25,3.841667,0.047881,0.001284
0.25,3.850000,0.047894,-0.009514
0.25,3.858333,0.047815,-0.016218
0.25,3.866667,0.047878,0.001756
0.25,3.875000,0.047902,0.000807
0.25,3.883333,0.047843,-0.005398
0.25,3.891667,0.047838,-0.016237
0.25,3.900000,0.047854,-0.010185
0.25,3.908333,0.047860,-0.016256
0.25,3.916667,0.047859,-0.007730
0.25,3.925000,0.047947,0.008816
0.25,3.933333,0.047808,-0.012011
0.25,3.941667,0.047926,0.004489
0.25,3.950000,0.047969,-0.023214
0.25,3.958333,0.047837,-0.016248
0.25,3.966667,0.047881,-0.014613
0.25,3.975000,0.047917,0.006337
0.25,3.983333,0.047856,-0.014263
0.25,3.991667,0.047879,-0.005560
0.25,4.000000,0.047796,-0.017909
0.25,4.008333,0.047895,-0.010282
0.25,4.016667,0.047800,-0.011890
0.25,4.025000,0.047927,0.011719
0.25,4.033333,0.047982,0.008516
0.25,4.041667,0.047869,-0.005752
0.25,4.050000,0.047871,-0.015532
0.25,4.058333,0.047825,-0.022810
0.25,4.066667,0.047721,-0.026555
0.25,4.075000,0.047867,-0.005279
0.25,4.083333,0.047821,-0.028883
0.25,4.091667,0.047821,-0.015785
0.25,4.100000,0.047927,0.004183
0.25,4.108333,0.047907,0.004848
0.25,4.116667,0.047990,0.003006
0.25,4.125000,0.047815,-0.021228
0.25,4.133333,0.047925,0.007279
0.25,4.141667,0.047800,-0.016586
0.25,4.150000,0.047898,-0.029497
0.25,4.158333,0.047828,-0.020745
0.25,4.166667,0.047815,-0.029378
0.25,4.175000,0.047906,-0.019410
0.25,4.183333,0.047842,-0.000768
0.25,4.191667,0.047836,-0.009398
0.25,4.200000,0.047862,-0.016819
0.25,4.208333,0.048142,0.036373
0.25,4.216667,0.047910,-0.032570
0.25,4.225000,0.047850,-0.018185
0.25,4.233333,0.047896,0.006919
0.25,4.241667,0.047863,-0.003836
0.25,4.250000,0.047933,0.005760
0.25,4.258333,0.047878,0.002283
0.25,4.266667,0.047876,-0.006911
0.25,4.275000,0.047909,0.001388
0.25,4.283333,0.047891,-0.007534
0.25,4.291667,0.047876,-0.013868
0.25,4.300000,0.047873,-0.013005
0.25,4.308333,0.047965,0.002761
0.25,4.316667,0.047764,-0.032677
0.25,4.325000,0.047941,-0.005994
0.25,4.333333,0.047913,0.011655
0.25,4.341667,0.047907,0.009347
0.25,4.350000,0.047928,0.002380
0.25,4.358333,0.047968,-0.013039
0.25,4.366667,0.047829,-0.018271
0.25,4.375000,0.047841,-0.018989
0.25,4.383333,0.047838,-0.023028
0.25,4.391667,0.047804,-0.035316
0.25,4.400000,0.047813,-0.016060
0.25,4.408333,0.047843,-0.006737
0.25,4.416667,0.047895,-0.000889
0.25,4.425000,0.047991,0.019800
0.25,4.433333,0.047829,-0.008170
0.25,4.441667,0.047875,-0.004923
0.25,4.450000,0.047984,-0.019358
0.25,4.458333,0.047830,-0.012867
0.25,4.466667,0.047833,-0.019849
0.25,4.475000,0.047838,-0.011530
0.25,4.483333,0.047889,-0.018629
0.25,4.491667,0.047864,-0.003270
0.25,4.500000,0.047908,0.011741
0.25,4.508333,0.047853,0.003609
0.25,4.516667,0.047906,-0.002241
0.25,4.525000,0.047884,-0.013688
0.25,4.533333,0.047850,-0.014601
0.25,4.541667,0.047816,-0.011619
0.25,4.550000,0.047843,-0.021539
0.25,4.558333,0.047863,-0.011770
0.25,4.566667,0.047874,-0.001515
0.25,4.575000,0.047771,-0.007537
0.25,4.583333,0.047870,-0.015853
0.25,4.591667,0.047851,-0.007381
0.25,4.600000,0.047848,-0.004519
0.25,4.608333,0.047917,-0.002851
0.25,4.616667,0.047833,-0.015894
0.25,4.625000,0.047766,-0.025369
0.25,4.633333,0.047871,-0.016761
0.25,4.641667,0.047858,-0.019380
0.25,4.650000,0.047840,-0.008699
0.25,4.658333,0.047884,-0.011724
0.25,4.666667,0.047918,0.004287
0.25,4.675000,0.047871,-0.008423
0.25,4.683333,0.047898,-0.005244
0.25,4.691667,0.047803,-0.023038
0.25,4.700000,0.047760,-0.037933
0.25,4.708333,0.047915,-0.010615
0.25,4.716667,0.047811,-0.021671
0.25,4.725000,0.047891,-0.011014
0.25,4.733333,0.047855,0.004151
0.25,4.741667,0.047776,-0.010613
0.25,4.750000,0.047923,-0.004849
0.25,4.758333,0.047858,-0.020860
0.25,4.766667,0.047839,-0.017769
0.25,4.775000,0.047831,-0.017420
0.25,4.783333,0.047788,-0.023996
0.25,4.791667,0.047848,-0.006351
0.25,4.800000,0.047843,-0.016237
0.25,4.808333,0.047785,-0.027308
0.25,4.816667,0.047840,-0.012575
0.25,4.825000,0.047823,-0.013513
0.25,4.833333,0.047856,-0.015266
0.25,4.841667,0.047863,-0.013913
0.25,4.850000,0.047918,-0.019319
0.25,4.858333,0.047708,-0.031387
0.25,4.866667,0.047888,-0.011468
0.25,4.875000,0.047820,-0.029500
0.25,4.883333,0.047830,-0.013612
0.25,4.891667,0.047807,-0.023867
0.25,4.900000,0.047813,-0.017054
0.25,4.908333,0.047931,0.012970
0.25,4.916667,0.047841,-0.014149
0.25,4.925000,0.047886,-0.006814
0.25,4.933333,0.047926,-0.016745
0.25,4.941667,0.047824,-0.020278
0.25,4.950000,0.047861,-0.015999
0.25,4.958333,0.047760,-0.022566
0.25,4.966667,0.047852,-0.009559
0.25,4.975000,0.047892,-0.014332
0.25,4.983333,0.047923,0.016062
0.25,4.991667,0.047861,-0.013670
0.5,0.000000,0.048110,0.003039
0.5,0.008333,0.047531,-0.055036
0.5,0.016667,0.047612,-0.006816
0.5,0.025000,0.047729,0.014378
0.5,0.033333,0.047819,0.023644
0.5,0.041667,0.047895,-0.005509
0.5,0.050000,0.047345,-0.068173
0.5,0.058333,0.047423,-0.091456
0.5,0.066667,0.047297,-0.016936
0.5,0.075000,0.047993,0.020443
0.5,0.083333,0.047525,-0.059551
0.5,0.091667,0.047441,-0.063015
0.5,0.100000,0.047421,-0.001940
0.5,0.108333,0.047791,0.027943
0.5,0.116667,0.047893,0.008852
0.5,0.125000,0.047538,-0.015139
0.5,0.133333,0.047546,-0.019204
0.5,0.141667,0.047793,0.028071
0.5,0.150000,0.047696,0.016455
0.5,0.158333,0.047898,0.004673
0.5,0.166667,0.047654,-0.028803
0.5,0.175000,0.047438,-0.029987
0.5,0.183333,0.047660,-0.010681
0.5,0.191667,0.048035,0.058142
0.5,0.200000,0.047848,-0.019592
0.5,0.208333,0.047415,-0.039886
0.5,0.216667,0.047585,-0.010280
0.5,0.225000,0.047589,0.020493
0.5,0.233333,0.047665,-0.036873
0.5,0.241667,0.047368,-0.084415
0.5,0.250000,0.047470,-0.095954
0.5,0.258333,0.047584,0.019441
0.5,0.266667,0.047714,0.009434
0.5,0.275000,0.048014,0.007631
0.5,0.283333,0.047690,-0.045891
0.5,0.291667,0.047440,-0.048271
0.5,0.300000,0.047293,-0.047923
0.5,0.308333,0.048004,0.043221
0.5,0.316667,0.047691,-0.035367
0.5,0.325000,0.047378,-0.081622
0.5,0.333333,0.047312,-0.057788
0.5,0.341667,0.047901,0.051835
0.5,0.350000,0.047746,0.002493
0.5,0.358333,0.047482,-0.060742
0.5,0.366667,0.047432,-0.067119
0.5,0.375000,0.047510,0.003945
0.5,0.383333,0.047616,0.023761
0.5,0.391667,0.047800,0.001698
0.5,0.400000,0.048972,-0.022321
0.5,0.408333,0.048439,-0.067350
0.5,0.416667,0.048024,-0.071006
0.5,0.425000,0.047719,0.012235
0.5,0.433333,0.048003,-0.011648
0.5,0.441667,0.047390,-0.055863
0.5,0.450000,0.047427,-0.005053
0.5,0.458333,0.048058,0.134282
0.5,0.466667,0.048849,0.090626
0.5,0.475000,0.048923,0.012780
0.5,0.483333,0.048351,-0.047489
0.5,0.491667,0.047513,-0.053110
0.5,0.500000,0.047790,0.041626
0.5,0.508333,0.047832,0.000752
0.5,0.516667,0.047545,-0.054464
0.5,0.525000,0.047256,-0.056013
0.5,0.533333,0.047865,0.043776
0.5,0.541667,0.047898,0.088770
0.5,0.550000,0.048086,0.015204
0.5,0.558333,0.047655,-0.061541
0.5,0.566667,0.047596,0.000558
0.5,0.575000,0.047520,-0.007214
0.5,0.583333,0.047827,0.015170
0.5,0.591667,0.047572,-0.033837
0.5,0.600000,0.047420,-0.040557
0.5,0.608333,0.047421,-0.028968
0.5,0.616667,0.047616,0.014027
0.5,0.625000,0.047771,0.003490
0.5,0.633333,0.048370,0.026857
0.5,0.641667,0.048374,-0.017123
0.5,0.650000,0.048096,-0.051903
0.5,0.658333,0.047632,-0.000929
0.5,0.666667,0.047685,-0.007991
0.5,0.675000,0.047348,-0.070907
0.5,0.683333,0.047498,0.000582
0.5,0.691667,0.047845,0.014547
0.5,0.700000,0.047745,0.023035
0.5,0.708333,0.047543,-0.026260
0.5,0.716667,0.047421,-0.025098
0.5,0.725000,0.047482,-0.023751
0.5,0.733333,0.047773,0.031230
0.5,0.741667,0.048476,0.089818
0.5,0.750000,0.049517,0.195546
0.5,0.758333,0.050630,0.115280
0.5,0.766667,0.051475,0.091036
0.5,0.775000,0.052029,0.062796
0.5,0.783333,0.051871,-0.019042
0.5,0.791667,0.051040,-0.096090
0.5,0.800000,0.050179,-0.116025
0.5,0.808333,0.048848,-0.168021
0.5,0.816667,0.047790,-0.000807
0.5,0.825000,0.047777,-0.018095
0.5,0.833333,0.047393,-0.053096
0.5,0.841667,0.047501,-0.044907
0.5,0.850000,0.047579,0.014904
0.5,0.858333,0.049230,0.182554
0.5,0.866667,0.050071,0.100825
0.5,0.875000,0.050230,0.019059
0.5,0.883333,0.049708,-0.061348
0.5,0.891667,0.048776,-0.097696
0.5,0.900000,0.047872,0.007482
0.5,0.908333,0.047768,-0.038475
0.5,0.916667,0.047385,-0.009974
0.5,0.925000,0.047734,0.023359
0.5,0.933333,0.048045,0.053092
0.5,0.941667,0.047887,-0.024262
0.5,0.950000,0.047389,-0.034021
0.5,0.958333,0.047565,-0.003189
0.5,0.966667,0.047646,0.001265
0.5,0.975000,0.047798,0.040204
0.5,0.983333,0.048535,0.025380
0.5,0.991667,0.048306,-0.004374
0.5,1.000000,0.048019,-0.021592
0.5,1.008333,0.047799,0.051387
0.5,1.016667,0.047891,0.006670
0.5,1.025000,0.047652,-0.034305
0.5,1.033333,0.047666,-0.016968
0.5,1.041667,0.047673,0.043776
0.5,1.050000,0.047847,0.030002
0.5,1.058333,0.048630,0.134321
0.5,1.066667,0.049067,0.053065
0.5,1.075000,0.048829,-0.010550
0.5,1.083333,0.048549,-0.040138
0.5,1.091667,0.047772,-0.039547
0.5,1.100000,0.047715,-0.001182
0.5,1.108333,0.047717,-0.008533
0.5,1.116667,0.047680,0.037930
0.5,1.125000,0.047917,0.062932
0.5,1.133333,0.047938,-0.006670
0.5,1.141667,0.047399,-0.037764
0.5,1.150000,0.047483,-0.041051
0.5,1.158333,0.047519,-0.022487
0.5,1.166667,0.048020,0.063292
0.5,1.175000,0.048021,0.016388
0.5,1.183333,0.047698,-0.011154
0.5,1.191667,0.047646,-0.010701
0.5,1.200000,0.047780,-0.016305
0.5,1.208333,0.047530,-0.043403
0.5,1.216667,0.047849,0.019601
0.5,1.225000,0.047506,-0.027280
0.5,1.233333,0.047551,-0.028882
0.5,1.241667,0.047720,0.013493
0.5,1.250000,0.047793,-0.023407
0.5,1.258333,0.047631,-0.035665
0.5,1.266667,0.047573,-0.012259
0.5,1.275000,0.047497,-0.024998
0.5,1.283333,0.047776,0.022871
0.5,1.291667,0.047709,-0.011447
0.5,1.300000,0.047540,-0.049884
0.5,1.308333,0.047433,-0.024150
0.5,1.316667,0.047943,0.037118
0.5,1.325000,0.047721,-0.005644
0.5,1.333333,0.047540,-0.024576
0.5,1.341667,0.047444,-0.048814
0.5,1.350000,0.047499,-0.029467
0.5,1.358333,0.047820,0.009861
0.5,1.366667,0.047797,0.002564
0.5,1.375000,0.047579,-0.001955
0.5,1.383333,0.047549,-0.027852
0.5,1.391667,0.047374,-0.028722
0.5,1.400000,0.047816,0.037232
0.5,1.408333,0.048183,0.088834
0.5,1.416667,0.048479,0.036801
0.5,1.425000,0.048179,-0.022494
0.5,1.433333,0.047799,-0.039559
0.5,1.441667,0.047536,-0.008311
0.5,1.450000,0.047625,-0.016225
0.5,1.458333,0.047715,-0.007701
0.5,1.466667,0.047541,-0.005601
0.5,1.475000,0.047580,0.008960
0.5,1.483333,0.047678,-0.035949
0.5,1.491667,0.047516,-0.019558
0.5,1.500000,0.047566,-0.015094
0.5,1.508333,0.047605,-0.033213
0.5,1.516667,0.047842,0.057446
0.5,1.525000,0.047757,-0.012424
0.5,1.533333,0.047603,-0.003866
0.5,1.541667,0.047833,0.025242
0.5,1.550000,0.047535,0.002134
0.5,1.558333,0.047848,0.037897
0.5,1.566667,0.047750,-0.001357
0.5,1.575000,0.047680,-0.003165
0.5,1.583333,0.047607,-0.027902
0.5,1.591667,0.047696,0.006918
0.5,1.600000,0.047745,-0.015314
0.5,1.608333,0.047400,-0.033633
0.5,1.616667,0.047492,-0.038999
0.5,1.625000,0.047628,-0.062659
0.5,1.633333,0.047312,-0.024692
0.5,1.641667,0.047662,-0.036162
0.5,1.650000,0.047453,-0.044650
0.5,1.658333,0.047543,-0.034290
0.5,1.666667,0.047513,-0.049130
0.5,1.675000,0.047696,-0.000503
0.5,1.683333,0.047543,0.009632
0.5,1.691667,0.047445,-0.028274
0.5,1.700000,0.047535,-0.053020
0.5,1.708333,0.047467,0.024547
0.5,1.716667,0.048352,0.096643
0.5,1.725000,0.048477,0.014954
0.5,1.733333,0.047920,-0.056519
0.5,1.741667,0.047466,-0.020222
0.5,1.750000,0.047596,0.000833
0.5,1.758333,0.048314,0.088118
0.5,1.766667,0.048701,0.027894
0.5,1.775000,0.048573,-0.017652
0.5,1.783333,0.048192,-0.066550
0.5,1.791667,0.047555,-0.003578
0.5,1.800000,0.047627,-0.013648
0.5,1.808333,0.047837,0.058330
0.5,1.816667,0.048305,0.045837
0.5,1.825000,0.048111,0.008270
0.5,1.833333,0.047856,0.015073
0.5,1.841667,0.047774,-0.040176
0.5,1.850000,0.047517,-0.017333
0.5,1.858333,0.047684,-0.044923
0.5,1.866667,0.047361,-0.038237
0.5,1.875000,0.048009,0.031623
0.5,1.883333,0.047728,-0.030041
0.5,1.891667,0.047399,-0.028283
0.5,1.900000,0.047604,-0.027403
0.5,1.908333,0.047646,0.007170
0.5,1.916667,0.047946,0.015761
0.5,1.925000,0.047702,-0.030655
0.5,1.933333,0.047482,-0.040203
0.5,1.941667,0.047331,-0.027102
0.5,1.950000,0.047702,0.005865
0.5,1.958333,0.047691,-0.043700
0.5,1.966667,0.047650,-0.021554
0.5,1.975000,0.047526,-0.029804
0.5,1.983333,0.047412,-0.006004
0.5,1.991667,0.047739,-0.012993
0.5,2.000000,0.047517,-0.040085
0.5,2.008333,0.047440,-0.045588
0.5,2.016667,0.047605,-0.011205
0.5,2.025000,0.047419,-0.010552
0.5,2.033333,0.048005,0.024447
0.5,2.041667,0.047663,-0.007625
0.5,2.050000,0.047580,-0.060431
0.5,2.058333,0.047143,-0.055317
0.5,2.066667,0.047655,-0.053399
0.5,2.075000,0.047438,-0.035324
0.5,2.083333,0.047356,-0.061246
0.5,2.091667,0.047647,-0.011273
0.5,2.100000,0.047721,0.001062
0.5,2.108333,0.047596,0.015435
0.5,2.116667,0.047564,-0.051977
0.5,2.125000,0.047311,-0.051612
0.5,2.133333,0.047604,-0.017391
0.5,2.141667,0.047682,0.041861
0.5,2.150000,0.048090,0.053196
0.5,2.158333,0.049042,0.124983
0.5,2.166667,0.049877,0.098354
0.5,2.175000,0.050055,0.021135
0.5,2.183333,0.049632,-0.036406
0.5,2.191667,0.048915,-0.083936
0.5,2.200000,0.047889,-0.133046
0.5,2.208333,0.047473,-0.075011
0.5,2.216667,0.048451,0.102077
0.5,2.225000,0.048978,0.049459
0.5,2.233333,0.049055,-0.000043
0.5,2.241667,0.048462,-0.079449
0.5,2.250000,0.047552,-0.067963
0.5,2.258333,0.047646,-0.017248
0.5,2.266667,0.047684,0.025714
0.5,2.275000,0.047622,-0.028853
0.5,2.283333,0.047569,-0.009026
0.5,2.291667,0.047708,0.017264
0.5,2.300000,0.047809,-0.024833
0.5,2.308333,0.047597,-0.042211
0.5,2.316667,0.047250,-0.077167
0.5,2.325000,0.047573,-0.049038
0.5,2.333333,0.047524,-0.050368
0.5,2.341667,0.047752,0.004378
0.5,2.350000,0.047576,-0.007153
0.5,2.358333,0.047479,-0.057993
0.5,2.366667,0.047358,-0.050919
0.5,2.375000,0.047650,0.011286
0.5,2.383333,0.047655,-0.001524
0.5,2.391667,0.047504,-0.063866
0.5,2.400000,0.047542,-0.003893
0.5,2.408333,0.047760,0.008701
0.5,2.416667,0.047731,-0.000077
0.5,2.425000,0.047678,0.000062
0.5,2.433333,0.047527,-0.043475
0.5,2.441667,0.047430,-0.048242
0.5,2.450000,0.047640,-0.034692
0.5,2.458333,0.047514,-0.022724
0.5,2.466667,0.047598,-0.002320
0.5,2.475000,0.047611,-0.030696
0.5,2.483333,0.047513,-0.015353
0.5,2.491667,0.047519,-0.021202
0.5,2.500000,0.047693,0.006296
0.5,2.508333,0.047935,-0.018742
0.5,2.516667,0.047539,-0.005027
0.5,2.525000,0.047751,0.048736
0.5,2.533333,0.048367,0.098601
0.5,2.541667,0.048509,0.017843
0.5,2.550000,0.047997,-0.048102
0.5,2.558333,0.047337,-0.018532
0.5,2.566667,0.047465,-0.014308
0.5,2.575000,0.048232,0.097880
0.5,2.583333,0.048366,0.016771
0.5,2.591667,0.047854,-0.049568
0.5,2.600000,0.047595,-0.019647
0.5,2.608333,0.047697,0.024420
0.5,2.616667,0.047961,0.043404
0.5,2.625000,0.047899,-0.013035
0.5,2.633333,0.047493,-0.062608
0.5,2.641667,0.047321,-0.059352
0.5,2.650000,0.047648,-0.004152
0.5,2.658333,0.047866,0.008937
0.5,2.666667,0.048004,0.027927
0.5,2.675000,0.047663,-0.036976
0.5,2.683333,0.047462,0.003836
0.5,2.691667,0.047665,-0.012890
0.5,2.700000,0.047589,-0.032580
0.5,2.708333,0.047769,0.000526
0.5,2.716667,0.047430,-0.060029
0.5,2.725000,0.047565,-0.042961
0.5,2.733333,0.047485,-0.017658
0.5,2.741667,0.047739,-0.023193
0.5,2.750000,0.047407,-0.051768
0.5,2.758333,0.047729,-0.039204
0.5,2.766667,0.047573,0.007648
0.5,2.775000,0.047628,-0.003108
0.5,2.783333,0.047733,-0.014169
0.5,2.791667,0.047504,-0.038584
0.5,2.800000,0.047620,0.020304
0.5,2.808333,0.048170,0.078535
0.5,2.816667,0.048144,-0.002498
0.5,2.825000,0.047533,-0.077474
0.5,2.833333,0.047258,-0.078780
0.5,2.841667,0.047712,-0.016011
0.5,2.850000,0.047928,0.056606
0.5,2.858333,0.048016,0.000393
0.5,2.866667,0.047548,-0.056787
0.5,2.875000,0.047370,-0.021699
0.5,2.883333,0.047632,-0.032610
0.5,2.891667,0.047656,0.018554
0.5,2.900000,0.047704,-0.017719
0.5,2.908333,0.047346,-0.030746
0.5,2.916667,0.047480,-0.031885
0.5,2.925000,0.047630,0.016522
0.5,2.933333,0.047810,0.011899
0.5,2.941667,0.047562,-0.037662
0.5,2.950000,0.047355,-0.022542
0.5,2.958333,0.047564,-0.034439
0.5,2.966667,0.047656,-0.004407
0.5,2.975000,0.047631,-0.024560
0.5,2.983333,0.047452,-0.054437
0.5,2.991667,0.047513,0.036537
0.5,3.000000,0.047657,0.012668
0.5,3.008333,0.047792,0.024379
0.5,3.016667,0.047683,-0.038666
0.5,3.025000,0.047303,-0.069090
0.5,3.033333,0.047575,-0.049328
0.5,3.041667,0.047826,0.010976
0.5,3.050000,0.048210,0.061149
0.5,3.058333,0.048287,0.000542
0.5,3.066667,0.047787,-0.072736
0.5,3.075000,0.047406,-0.018555
0.5,3.083333,0.047836,0.019266
0.5,3.091667,0.047935,0.027183
0.5,3.100000,0.047549,-0.038736
0.5,3.108333,0.047439,-0.056644
0.5,3.116667,0.047532,-0.027792
0.5,3.125000,0.047873,-0.005981
0.5,3.133333,0.047591,0.002754
0.5,3.141667,0.047595,-0.046168
0.5,3.150000,0.047277,-0.032892
0.5,3.158333,0.047630,0.015960
0.5,3.166667,0.048051,0.036489
0.5,3.175000,0.047692,-0.037391
0.5,3.183333,0.047237,-0.059712
0.5,3.191667,0.047451,-0.000444
0.5,3.200000,0.048181,0.076828
0.5,3.208333,0.048471,0.026563
0.5,3.216667,0.048207,-0.040680
0.5,3.225000,0.047585,-0.090905
0.5,3.233333,0.047356,-0.062825
0.5,3.241667,0.047381,-0.041114
0.5,3.250000,0.047535,-0.040965
0.5,3.258333,0.047297,-0.085881
0.5,3.266667,0.047396,-0.065247
0.5,3.275000,0.047378,-0.008938
0.5,3.283333,0.047910,0.036587
0.5,3.291667,0.047752,-0.006706
0.5,3.300000,0.047487,-0.039446
0.5,3.308333,0.047558,-0.019900
0.5,3.316667,0.047711,0.040127
0.5,3.325000,0.047667,0.004816
0.5,3.333333,0.047576,-0.028657
0.5,3.341667,0.047390,-0.015249
0.5,3.350000,0.047651,0.044927
0.5,3.358333,0.048225,0.014235
0.5,3.366667,0.047802,-0.005189
0.5,3.375000,0.049515,0.044340
0.5,3.383333,0.049443,-0.020087
0.5,3.391667,0.048748,-0.073160
0.5,3.400000,0.047663,-0.052174
0.5,3.408333,0.047788,-0.012161
0.5,3.416667,0.047550,-0.051732
0.5,3.425000,0.047438,-0.058276
0.5,3.433333,0.047474,-0.022412
0.5,3.441667,0.048448,0.073962
0.5,3.450000,0.048865,0.054693
0.5,3.458333,0.048667,-0.024583
0.5,3.466667,0.048167,-0.066652
0.5,3.475000,0.047546,-0.010435
0.5,3.483333,0.047824,-0.009424
0.5,3.491667,0.047719,-0.011517
0.5,3.500000,0.047574,-0.053559
0.5,3.508333,0.047328,-0.070752
0.5,3.516667,0.047732,0.025609
0.5,3.525000,0.047991,0.022556
0.5,3.533333,0.048039,0.017086
0.5,3.541667,0.047893,-0.019158
0.5,3.550000,0.047501,0.006293
0.5,3.558333,0.047755,0.042026
0.5,3.566667,0.047982,0.068487
0.5,3.575000,0.047872,-0.013258
0.5,3.583333,0.047456,-0.004119
0.5,3.591667,0.047557,0.001559
0.5,3.600000,0.047720,-0.006418
0.5,3.608333,0.048014,0.035872
0.5,3.616667,0.047816,-0.003568
0.5,3.625000,0.047529,-0.028829
0.5,3.633333,0.047694,-0.018863
0.5,3.641667,0.047880,0.018605
0.5,3.650000,0.048973,0.131232
0.5,3.658333,0.049453,0.068967
0.5,3.666667,0.049696,0.030757
0.5,3.675000,0.049379,-0.044986
0.5,3.683333,0.048391,-0.108166
0.5,3.691667,0.047766,-0.009137
0.5,3.700000,0.047805,-0.027388
0.5,3.708333,0.047607,0.012686
0.5,3.716667,0.047591,-0.007813
0.5,3.725000,0.047762,0.002669
0.5,3.733333,0.047568,-0.030620
0.5,3.741667,0.047571,-0.033059
0.5,3.750000,0.047672,0.025929
0.5,3.758333,0.048161,0.099776
0.5,3.766667,0.048549,0.073043
0.5,3.775000,0.048478,-0.008783
0.5,3.783333,0.048024,-0.058466
0.5,3.791667,0.047556,0.011242
0.5,3.800000,0.048135,0.075639
0.5,3.808333,0.048084,-0.005072
0.5,3.816667,0.047490,-0.071271
0.5,3.825000,0.047422,-0.007019
0.5,3.833333,0.047811,0.017707
0.5,3.841667,0.047814,0.018316
0.5,3.850000,0.047672,-0.034631
0.5,3.858333,0.047506,-0.016366
0.5,3.866667,0.047600,-0.007552
0.5,3.875000,0.047762,0.037221
0.5,3.883333,0.047714,0.001499
0.5,3.891667,0.047625,-0.032366
0.5,3.900000,0.047368,-0.025639
0.5,3.908333,0.047669,0.027460
0.5,3.916667,0.047792,0.011472
0.5,3.925000,0.047693,-0.046408
0.5,3.933333,0.047551,-0.034742
0.5,3.941667,0.047735,0.063356
0.5,3.950000,0.048038,0.031481
0.5,3.958333,0.047782,-0.036349
0.5,3.966667,0.047387,-0.055856
0.5,3.975000,0.047439,-0.021479
0.5,3.983333,0.047754,-0.005918
0.5,3.991667,0.047712,-0.012573
0.5,4.000000,0.047619,-0.010084
0.5,4.008333,0.047389,-0.052220
0.5,4.016667,0.047416,-0.037247
0.5,4.025000,0.047619,-0.004802
0.5,4.033333,0.047649,-0.000734
0.5,4.041667,0.047699,-0.039481
0.5,4.050000,0.047395,-0.066063
0.5,4.058333,0.047365,-0.046226
0.5,4.066667,0.047757,-0.000419
0.5,4.075000,0.047637,0.003057
0.5,4.083333,0.047734,0.003761
0.5,4.091667,0.047448,-0.021922
0.5,4.100000,0.047534,-0.023841
0.5,4.108333,0.047817,0.044059
0.5,4.116667,0.047970,0.058319
0.5,4.125000,0.047964,-0.018362
0.5,4.133333,0.047414,-0.069757
0.5,4.141667,0.047706,-0.010704
0.5,4.150000,0.047536,-0.004976
0.5,4.158333,0.047620,-0.032813
0.5,4.166667,0.047545,-0.044009
0.5,4.175000,0.047528,-0.014856
0.5,4.183333,0.047806,0.032105
0.5,4.191667,0.047684,-0.000964
0.5,4.200000,0.047669,0.011075
0.5,4.208333,0.047753,-0.012267
0.5,4.216667,0.047529,-0.042328
0.5,4.225000,0.047860,0.026597
0.5,4.233333,0.047684,-0.009046
0.5,4.241667,0.047565,-0.008149
0.5,4.250000,0.047453,-0.028161
0.5,4.258333,0.047767,0.033882
0.5,4.266667,0.047618,-0.011166
0.5,4.275000,0.047730,-0.004027
0.5,4.283333,0.047495,-0.033704
0.5,4.291667,0.047465,-0.049577
0.5,4.300000,0.047457,-0.030575
0.5,4.308333,0.047846,0.024143
0.5,4.316667,0.047579,-0.023979
0.5,4.325000,0.047586,-0.016439
0.5,4.333333,0.047538,-0.013123
0.5,4.341667,0.047639,0.011778
0.5,4.350000,0.047706,0.020890
0.5,4.358333,0.047569,-0.011914
0.5,4.366667,0.047455,-0.015414
0.5,4.375000,0.047481,0.034670
0.5,4.383333,0.047938,-0.021808
0.5,4.391667,0.047843,0.028768
0.5,4.400000,0.047762,-0.027946
0.5,4.408333,0.047485,-0.050556
0.5,4.416667,0.047482,-0.046180
0.5,4.425000,0.047543,-0.019217
0.5,4.433333,0.047735,0.010464
0.5,4.441667,0.047527,-0.050064
0.5,4.450000,0.047370,-0.056671
0.5,4.458333,0.047357,-0.050585
0.5,4.466667,0.047635,-0.019386
0.5,4.475000,0.047598,-0.020291
0.5,4.483333,0.047442,-0.048224
0.5,4.491667,0.047392,0.045205
0.5,4.500000,0.047838,-0.008336
0.5,4.508333,0.047559,-0.019303
0.5,4.516667,0.047552,-0.046212
0.5,4.525000,0.047416,-0.056182
0.5,4.533333,0.047642,0.015157
0.5,4.541667,0.047824,-0.033578
0.5,4.550000,0.047331,-0.049244
0.5,4.558333,0.047548,-0.015991
0.5,4.566667,0.047496,-0.036721
0.5,4.575000,0.047370,-0.038749
0.5,4.583333,0.047495,-0.038437
0.5,4.591667,0.047644,-0.057315
0.5,4.600000,0.047334,-0.030989
0.5,4.608333,0.047501,-0.048127
0.5,4.616667,0.047715,0.021103
0.5,4.625000,0.047624,0.003181
0.5,4.633333,0.047552,-0.038293
0.5,4.641667,0.047476,-0.078544
0.5,4.650000,0.047457,-0.062181
0.5,4.658333,0.047593,0.012917
0.5,4.666667,0.047807,-0.003955
0.5,4.675000,0.047648,-0.044910
0.5,4.683333,0.047365,-0.038342
0.5,4.691667,0.047695,-0.021177
0.5,4.700000,0.047723,0.008449
0.5,4.708333,0.047839,0.003021
0.5,4.716667,0.047574,-0.039278
0.5,4.725000,0.047385,0.043451
0.5,4.733333,0.048671,0.167915
0.5,4.741667,0.049446,0.106067
0.5,4.750000,0.049818,0.053012
0.5,4.758333,0.049578,-0.028727
0.5,4.766667,0.048720,-0.087729
0.5,4.775000,0.047839,-0.077849
0.5,4.783333,0.047664,-0.010658
0.5,4.791667,0.047532,-0.046063
0.5,4.800000,0.047374,-0.056179
0.5,4.808333,0.047533,-0.028015
0.5,4.816667,0.047610,-0.005678
0.5,4.825000,0.047648,-0.025954
0.5,4.833333,0.047472,-0.049234
0.5,4.841667,0.047537,-0.046764
0.5,4.850000,0.047374,-0.031288
0.5,4.858333,0.047648,-0.035917
0.5,4.866667,0.047562,-0.021919
0.5,4.875000,0.047451,-0.005063
0.5,4.883333,0.047635,-0.017130
0.5,4.891667,0.047610,0.010371
0.5,4.900000,0.048154,0.063711
0.5,4.908333,0.048105,-0.014151
0.5,4.916667,0.047678,-0.050730
0.5,4.925000,0.047596,-0.009951
0.5,4.933333,0.047965,0.036502
0.5,4.941667,0.048032,-0.000694
0.5,4.950000,0.047438,-0.062803
0.5,4.958333,0.047310,-0.073231
0.5,4.966667,0.047679,0.016820
0.5,4.975000,0.047702,-0.008045
0.5,4.983333,0.047613,-0.021304
0.5,4.991667,0.047660,-0.020509
0.75,0.000000,0.048183,0.007209
0.75,0.008333,0.047660,-0.034985
0.75,0.016667,0.047628,0.024891
0.75,0.025000,0.047731,0.014246
0.75,0.033333,0.047679,-0.050257
0.75,0.041667,0.047106,-0.018518
0.75,0.050000,0.047616,-0.002775
0.75,0.058333,0.047464,-0.041731
0.75,0.066667,0.047235,0.058063
0.75,0.075000,0.047980,0.057583
0.75,0.083333,0.047824,-0.006123
0.75,0.091667,0.047454,0.004690
0.75,0.100000,0.047933,0.106341
0.75,0.108333,0.048267,0.036997
0.75,0.116667,0.047894,-0.012913
0.75,0.125000,0.047551,-0.005217
0.75,0.133333,0.047841,0.081119
0.75,0.141667,0.048036,0.023598
0.75,0.150000,0.047752,0.007748
0.75,0.158333,0.047444,-0.070447
0.75,0.166667,0.046825,0.009943
0.75,0.175000,0.048349,0.133416
0.75,0.183333,0.048843,0.051601
0.75,0.191667,0.048736,-0.030200
0.75,0.200000,0.048295,-0.055585
0.75,0.208333,0.049790,0.277069
0.75,0.216667,0.051949,0.206123
0.75,0.225000,0.053930,0.215974
0.75,0.233333,0.055367,0.183723
0.75,0.241667,0.056225,0.101833
0.75,0.250000,0.056401,0.019950
0.75,0.258333,0.055897,-0.061932
0.75,0.266667,0.054775,-0.138304
0.75,0.275000,0.053750,-0.082241
0.75,0.283333,0.052923,-0.110191
0.75,0.291667,0.051525,-0.158251
0.75,0.300000,0.049745,-0.211635
0.75,0.308333,0.047823,-0.141759
0.75,0.316667,0.047573,-0.011591
0.75,0.325000,0.047478,0.027010
0.75,0.333333,0.047773,0.049234
0.75,0.341667,0.047722,-0.015622
0.75,0.350000,0.047570,-0.015075
0.75,0.358333,0.047597,0.047397
0.75,0.366667,0.047702,-0.024822
0.75,0.375000,0.047211,0.000985
0.75,0.383333,0.048045,0.084840
0.75,0.391667,0.048166,0.021070
0.75,0.400000,0.047660,-0.060511
0.75,0.408333,0.047078,-0.072811
0.75,0.416667,0.047398,0.003497
0.75,0.425000,0.047502,0.000725
0.75,0.433333,0.047393,-0.032309
0.75,0.441667,0.047249,-0.032956
0.75,0.450000,0.046923,-0.075151
0.75,0.458333,0.047181,0.038178
0.75,0.466667,0.047793,0.012071
0.75,0.475000,0.047370,-0.066391
0.75,0.483333,0.047125,-0.019263
0.75,0.491667,0.047994,0.120900
0.75,0.500000,0.048351,0.039208
0.75,0.508333,0.048047,-0.042563
0.75,0.516667,0.047581,0.035196
0.75,0.525000,0.047886,0.004536
0.75,0.533333,0.047747,0.028787
0.75,0.541667,0.047855,0.045571
0.75,0.550000,0.048137,0.030019
0.75,0.558333,0.048017,0.003482
0.75,0.566667,0.047536,-0.030680
0.75,0.575000,0.047336,-0.056669
0.75,0.583333,0.046878,-0.075947
0.75,0.591667,0.047451,0.071361
0.75,0.600000,0.047521,-0.001340
0.75,0.608333,0.047009,-0.060742
0.75,0.616667,0.047304,0.032704
0.75,0.625000,0.047525,0.027308
0.75,0.633333,0.047415,-0.026815
0.75,0.641667,0.047541,0.017044
0.75,0.650000,0.048599,0.127557
0.75,0.658333,0.048981,0.045467
0.75,0.666667,0.049089,-0.009278
0.75,0.675000,0.048948,-0.050996
0.75,0.683333,0.047877,-0.117611
0.75,0.691667,0.046909,0.021852
0.75,0.700000,0.047916,0.084569
0.75,0.708333,0.048100,0.047925
0.75,0.716667,0.048770,0.028331
0.75,0.725000,0.048886,0.015121
0.75,0.733333,0.048427,-0.066058
0.75,0.741667,0.047607,-0.068100
0.75,0.750000,0.047079,-0.015638
0.75,0.758333,0.047276,-0.053552
0.75,0.766667,0.046890,-0.050384
0.75,0.775000,0.047301,0.105460
0.75,0.783333,0.048702,0.151822
0.75,0.791667,0.049286,0.069966
0.75,0.800000,0.049224,0.010119
0.75,0.808333,0.049185,-0.034899
0.75,0.816667,0.048225,-0.096091
0.75,0.825000,0.047431,-0.036174
0.75,0.833333,0.047309,-0.035640
0.75,0.841667,0.047169,-0.006415
0.75,0.850000,0.047501,0.086917
0.75,0.858333,0.047975,0.040146
0.75,0.866667,0.047711,-0.041451
0.75,0.875000,0.046964,-0.045138
0.75,0.883333,0.047592,-0.000636
0.75,0.891667,0.047746,0.030589
0.75,0.900000,0.048356,0.028440
0.75,0.908333,0.047915,-0.041965
0.75,0.916667,0.047522,0.029576
0.75,0.925000,0.047461,0.022663
0.75,0.933333,0.047520,0.063613
0.75,0.941667,0.047733,0.033585
0.75,0.950000,0.047460,-0.000436
0.75,0.958333,0.047724,0.021883
0.75,0.966667,0.047821,0.030209
0.75,0.975000,0.047591,-0.013311
0.75,0.983333,0.047116,-0.007246
0.75,0.991667,0.047217,-0.056801
0.75,1.000000,0.047030,0.015023
0.75,1.008333,0.047575,0.067688
0.75,1.016667,0.048121,0.030205
0.75,1.025000,0.047720,-0.019690
0.75,1.033333,0.047345,-0.006406
0.75,1.041667,0.047706,-0.029742
0.75,1.050000,0.047127,-0.052950
0.75,1.058333,0.046955,0.080684
0.75,1.066667,0.048316,0.123803
0.75,1.075000,0.048666,0.041938
0.75,1.083333,0.048334,-0.039839
0.75,1.091667,0.047598,-0.048561
0.75,1.100000,0.047139,-0.045112
0.75,1.108333,0.047004,-0.017115
0.75,1.116667,0.047681,0.075743
0.75,1.125000,0.048055,0.026283
0.75,1.133333,0.047923,-0.043861
0.75,1.141667,0.047853,-0.045286
0.75,1.150000,0.047976,0.035275
0.75,1.158333,0.047797,-0.007545
0.75,1.166667,0.047654,0.045120
0.75,1.175000,0.047765,-0.012369
0.75,1.183333,0.047081,-0.024788
0.75,1.191667,0.048035,0.107401
0.75,1.200000,0.048875,0.088135
0.75,1.208333,0.048928,0.006296
0.75,1.216667,0.048331,-0.027014
0.75,1.225000,0.047671,-0.075044
0.75,1.233333,0.046977,-0.029798
0.75,1.241667,0.047819,0.088889
0.75,1.250000,0.048932,0.143357
0.75,1.258333,0.049452,0.063244
0.75,1.266667,0.049467,0.018833
0.75,1.275000,0.049348,-0.009642
0.75,1.283333,0.048743,-0.070009
0.75,1.291667,0.047862,-0.070326
0.75,1.300000,0.047622,0.001345
0.75,1.308333,0.047550,0.009896
0.75,1.316667,0.047568,0.007952
0.75,1.325000,0.048059,0.120707
0.75,1.333333,0.048384,0.040353
0.75,1.341667,0.048070,-0.031399
0.75,1.350000,0.047825,-0.037349
0.75,1.358333,0.047412,0.012284
0.75,1.366667,0.047746,0.014302
0.75,1.375000,0.047625,0.034971
0.75,1.383333,0.047532,-0.036536
0.75,1.391667,0.046997,-0.064432
0.75,1.400000,0.047342,0.039682
0.75,1.408333,0.047457,-0.018456
0.75,1.416667,0.047006,-0.027938
0.75,1.425000,0.047759,0.118127
0.75,1.433333,0.048358,0.081890
0.75,1.441667,0.048359,0.000088
0.75,1.450000,0.047824,-0.023498
0.75,1.458333,0.047458,0.007650
0.75,1.466667,0.048170,0.022999
0.75,1.475000,0.047831,-0.026631
0.75,1.483333,0.047845,-0.008130
0.75,1.491667,0.047458,-0.046379
0.75,1.500000,0.047270,-0.098967
0.75,1.508333,0.046919,-0.049584
0.75,1.516667,0.047907,0.103808
0.75,1.525000,0.048635,0.066800
0.75,1.533333,0.048518,-0.007953
0.75,1.541667,0.047950,0.021507
0.75,1.550000,0.047862,0.049256
0.75,1.558333,0.048239,0.092977
0.75,1.566667,0.048492,0.076320
0.75,1.575000,0.048737,-0.002032
0.75,1.583333,0.048331,-0.044704
0.75,1.591667,0.047968,-0.059948
0.75,1.600000,0.046910,-0.119377
0.75,1.608333,0.046892,-0.047847
0.75,1.616667,0.047369,-0.049881
0.75,1.625000,0.047771,0.021535
0.75,1.633333,0.048035,0.022903
0.75,1.641667,0.047860,-0.026423
0.75,1.650000,0.047237,-0.073094
0.75,1.658333,0.047230,-0.022173
0.75,1.666667,0.048201,0.029948
0.75,1.675000,0.047799,-0.046536
0.75,1.683333,0.047170,-0.087207
0.75,1.691667,0.047592,-0.012019
0.75,1.700000,0.047147,-0.066454
0.75,1.708333,0.047021,-0.026968
0.75,1.716667,0.047857,0.073854
0.75,1.725000,0.048070,0.043207
0.75,1.733333,0.048154,0.009335
0.75,1.741667,0.047935,-0.010699
0.75,1.750000,0.047516,-0.009913
0.75,1.758333,0.047600,0.026106
0.75,1.766667,0.047463,0.010042
0.75,1.775000,0.047377,0.036016
0.75,1.783333,0.048025,0.046278
0.75,1.791667,0.047896,-0.010118
0.75,1.800000,0.047600,-0.049651
0.75,1.808333,0.048443,0.103431
0.75,1.816667,0.048902,0.044076
0.75,1.825000,0.049044,-0.012435
0.75,1.833333,0.048524,-0.054078
0.75,1.841667,0.047623,-0.111246
0.75,1.850000,0.047221,-0.037025
0.75,1.858333,0.047234,-0.022710
0.75,1.866667,0.047354,-0.015530
0.75,1.875000,0.047686,-0.002525
0.75,1.883333,0.047246,-0.080830
0.75,1.891667,0.046817,-0.034033
0.75,1.900000,0.047428,0.085355
0.75,1.908333,0.048298,0.023854
0.75,1.916667,0.047957,-0.040584
0.75,1.925000,0.047537,-0.062660
0.75,1.933333,0.047252,-0.047837
0.75,1.941667,0.048616,0.119959
0.75,1.950000,0.050015,0.203911
0.75,1.958333,0.051526,0.210010
0.75,1.966667,0.052654,0.128209
0.75,1.975000,0.053112,0.074965
0.75,1.983333,0.053344,0.029936
0.75,1.991667,0.052910,-0.051856
0.75,2.000000,0.051843,-0.085107
0.75,2.008333,0.050521,-0.164086
0.75,2.016667,0.048928,-0.175665
0.75,2.025000,0.047180,-0.075937
0.75,2.033333,0.047812,0.054072
0.75,2.041667,0.048159,-0.027210
0.75,2.050000,0.047589,-0.060201
0.75,2.058333,0.047051,-0.045110
0.75,2.066667,0.048040,0.048097
0.75,2.075000,0.048498,0.087736
0.75,2.083333,0.048627,0.065424
0.75,2.091667,0.049446,0.140137
0.75,2.100000,0.050339,0.125155
0.75,2.108333,0.051222,0.069495
0.75,2.116667,0.051178,0.022792
0.75,2.125000,0.051097,-0.007566
0.75,2.133333,0.050403,-0.081945
0.75,2.141667,0.049037,-0.163800
0.75,2.150000,0.047265,-0.029462
0.75,2.158333,0.047873,0.045245
0.75,2.166667,0.047770,-0.021041
0.75,2.175000,0.047351,-0.027801
0.75,2.183333,0.047416,-0.001923
0.75,2.191667,0.047577,0.036709
0.75,2.200000,0.048173,0.189200
0.75,2.208333,0.049070,0.137727
0.75,2.216667,0.049602,0.080754
0.75,2.225000,0.049592,-0.001087
0.75,2.233333,0.048902,-0.082852
0.75,2.241667,0.047602,-0.128776
0.75,2.250000,0.047157,0.017069
0.75,2.258333,0.048812,0.212010
0.75,2.266667,0.049899,0.161296
0.75,2.275000,0.050977,0.142121
0.75,2.283333,0.051479,0.060360
0.75,2.291667,0.051300,-0.021409
0.75,2.300000,0.050440,-0.101534
0.75,2.308333,0.049002,-0.168706
0.75,2.316667,0.047275,-0.221827
0.75,2.325000,0.046840,-0.037277
0.75,2.333333,0.047772,0.063562
0.75,2.341667,0.048404,0.144706
0.75,2.350000,0.049220,0.094430
0.75,2.358333,0.049379,0.036741
0.75,2.366667,0.049084,-0.034221
0.75,2.375000,0.048407,-0.113760
0.75,2.383333,0.047229,-0.138841
0.75,2.391667,0.047131,-0.007140
0.75,2.400000,0.047072,-0.028735
0.75,2.408333,0.047152,-0.005037
0.75,2.416667,0.047584,0.011415
0.75,2.425000,0.048260,0.052555
0.75,2.433333,0.048016,-0.029261
0.75,2.441667,0.047246,-0.062752
0.75,2.450000,0.046730,-0.067790
0.75,2.458333,0.047696,0.051749
0.75,2.466667,0.048126,0.056538
0.75,2.475000,0.048105,0.015535
0.75,2.483333,0.047949,-0.020666
0.75,2.491667,0.047675,-0.035327
0.75,2.500000,0.047019,-0.093701
0.75,2.508333,0.046683,-0.131065
0.75,2.516667,0.046860,-0.048818
0.75,2.525000,0.047241,-0.013913
0.75,2.533333,0.047470,0.039339
0.75,2.541667,0.048034,0.031812
0.75,2.550000,0.048007,-0.021404
0.75,2.558333,0.047200,-0.033154
0.75,2.566667,0.047522,0.002542
0.75,2.575000,0.047638,0.059174
0.75,2.583333,0.048196,0.128220
0.75,2.591667,0.049289,0.075072
0.75,2.600000,0.049236,-0.006908
0.75,2.608333,0.049008,-0.033201
0.75,2.616667,0.048699,-0.050497
0.75,2.625000,0.047928,-0.077957
0.75,2.633333,0.047190,-0.023546
0.75,2.641667,0.047484,0.028153
0.75,2.650000,0.047579,-0.011619
0.75,2.658333,0.047366,0.017393
0.75,2.666667,0.048086,0.104094
0.75,2.675000,0.048306,0.072549
0.75,2.683333,0.048251,0.049175
0.75,2.691667,0.048496,0.061176
0.75,2.700000,0.048607,0.056907
0.75,2.708333,0.048404,-0.023830
0.75,2.716667,0.047713,-0.038944
0.75,2.725000,0.047346,-0.027899
0.75,2.733333,0.046807,-0.030940
0.75,2.741667,0.047371,0.023395
0.75,2.750000,0.047549,0.024700
0.75,2.758333,0.047686,-0.001757
0.75,2.766667,0.047309,0.013962
0.75,2.775000,0.048396,0.199115
0.75,2.783333,0.049381,0.117218
0.75,2.791667,0.049714,0.035380
0.75,2.800000,0.049569,-0.020882
0.75,2.808333,0.049456,-0.044872
0.75,2.816667,0.048640,-0.116069
0.75,2.825000,0.047687,-0.093029
0.75,2.833333,0.047314,0.026864
0.75,2.841667,0.047419,0.022619
0.75,2.850000,0.047795,0.049655
0.75,2.858333,0.047805,-0.005475
0.75,2.866667,0.047313,-0.036562
0.75,2.875000,0.047197,-0.029090
0.75,2.883333,0.047561,0.042734
0.75,2.891667,0.047828,0.018634
0.75,2.900000,0.047744,0.005940
0.75,2.908333,0.047734,0.118768
0.75,2.916667,0.048512,0.085563
0.75,2.925000,0.048679,0.054715
0.75,2.933333,0.048467,-0.011704
0.75,2.941667,0.047688,-0.090247
0.75,2.950000,0.046779,-0.014511
0.75,2.958333,0.047627,0.020014
0.75,2.966667,0.049339,0.186498
0.75,2.975000,0.050931,0.145612
0.75,2.983333,0.052536,0.070109
0.75,2.991667,0.052450,-0.011913
0.75,3.000000,0.052345,-0.008964
0.75,3.008333,0.051845,-0.090731
0.75,3.016667,0.050650,-0.143013
0.75,3.025000,0.049263,-0.166794
0.75,3.033333,0.047553,-0.058240
0.75,3.041667,0.047740,0.011130
0.75,3.050000,0.047420,-0.035201
0.75,3.058333,0.047519,0.067258
0.75,3.066667,0.048054,0.070666
0.75,3.075000,0.048260,0.136596
0.75,3.083333,0.048767,0.077590
0.75,3.091667,0.048795,0.032961
0.75,3.100000,0.048960,0.005181
0.75,3.108333,0.048322,-0.066507
0.75,3.116667,0.047985,0.058723
0.75,3.125000,0.049421,0.188283
0.75,3.133333,0.051014,0.192106
0.75,3.141667,0.052044,0.126403
0.75,3.150000,0.052420,0.044534
0.75,3.158333,0.052147,-0.032057
0.75,3.166667,0.051671,0.004201
0.75,3.175000,0.051305,-0.050989
0.75,3.183333,0.050463,-0.116958
0.75,3.191667,0.049340,-0.077180
0.75,3.200000,0.048900,-0.055960
0.75,3.208333,0.047752,-0.089395
0.75,3.216667,0.047949,0.073662
0.75,3.225000,0.048990,0.105934
0.75,3.233333,0.049270,0.065575
0.75,3.241667,0.049336,-0.000727
0.75,3.250000,0.048648,-0.052313
0.75,3.258333,0.047744,-0.017725
0.75,3.266667,0.047575,0.088377
0.75,3.275000,0.048727,0.085489
0.75,3.283333,0.048758,0.003659
0.75,3.291667,0.048107,-0.078116
0.75,3.300000,0.047140,-0.048366
0.75,3.308333,0.047537,0.022898
0.75,3.316667,0.047811,0.036021
0.75,3.325000,0.047502,-0.007899
0.75,3.333333,0.047202,-0.042670
0.75,3.341667,0.047292,0.023235
0.75,3.350000,0.048435,0.133959
0.75,3.358333,0.049060,0.083545
0.75,3.366667,0.049076,0.001841
0.75,3.375000,0.048410,-0.072538
0.75,3.383333,0.047524,-0.061475
0.75,3.391667,0.047671,-0.029853
0.75,3.400000,0.047400,-0.034822
0.75,3.408333,0.047598,0.038369
0.75,3.416667,0.047846,0.007958
0.75,3.425000,0.047590,-0.038384
0.75,3.433333,0.047033,-0.013837
0.75,3.441667,0.047781,0.063099
0.75,3.450000,0.048220,0.054583
0.75,3.458333,0.048264,0.016121
0.75,3.466667,0.048131,0.068998
0.75,3.475000,0.048039,0.017967
0.75,3.483333,0.048257,0.001792
0.75,3.491667,0.047992,-0.021910
0.75,3.500000,0.047374,-0.065661
0.75,3.508333,0.046902,0.006709
0.75,3.516667,0.047514,0.024948
0.75,3.525000,0.047740,0.033882
0.75,3.533333,0.047990,0.047484
0.75,3.541667,0.048191,0.035783
0.75,3.550000,0.048216,0.014783
0.75,3.558333,0.047829,0.003903
0.75,3.566667,0.047408,-0.007316
0.75,3.575000,0.047843,-0.004645
0.75,3.583333,0.047375,-0.044962
0.75,3.591667,0.046924,-0.083422
0.75,3.600000,0.048762,0.185761
0.75,3.608333,0.049765,0.103796
0.75,3.616667,0.050195,0.083049
0.75,3.625000,0.050520,0.015534
0.75,3.633333,0.050149,-0.048149
0.75,3.641667,0.049360,-0.061176
0.75,3.650000,0.048893,-0.027216
0.75,3.658333,0.048090,-0.039110
0.75,3.666667,0.048502,0.030286
0.75,3.675000,0.048258,-0.023907
0.75,3.683333,0.047888,-0.026494
0.75,3.691667,0.047274,-0.074497
0.75,3.700000,0.047175,-0.046077
0.75,3.708333,0.047180,-0.016458
0.75,3.716667,0.047779,0.004885
0.75,3.725000,0.047915,-0.019302
0.75,3.733333,0.047525,0.009192
0.75,3.741667,0.047791,-0.013270
0.75,3.750000,0.047440,0.078773
0.75,3.758333,0.048071,0.131300
0.75,3.766667,0.048703,0.075669
0.75,3.775000,0.048822,0.008337
0.75,3.783333,0.048249,-0.008373
0.75,3.791667,0.047958,-0.016765
0.75,3.800000,0.047455,-0.069250
0.75,3.808333,0.047087,-0.007662
0.75,3.816667,0.048590,0.091559
0.75,3.825000,0.049250,0.043758
0.75,3.833333,0.049007,0.019226
0.75,3.841667,0.049169,-0.038999
0.75,3.850000,0.048316,-0.085367
0.75,3.858333,0.047126,-0.118011
0.75,3.866667,0.048661,0.264407
0.75,3.875000,0.050472,0.215765
0.75,3.883333,0.051745,0.166153
0.75,3.891667,0.052753,0.106064
0.75,3.900000,0.053024,0.039189
0.75,3.908333,0.053053,0.031705
0.75,3.916667,0.052630,-0.050186
0.75,3.925000,0.051527,-0.132041
0.75,3.933333,0.049742,-0.190278
0.75,3.941667,0.048191,-0.190340
0.75,3.950000,0.047052,-0.082748
0.75,3.958333,0.046951,0.010450
0.75,3.966667,0.047546,0.106723
0.75,3.975000,0.048253,0.067320
0.75,3.983333,0.048178,-0.014509
0.75,3.991667,0.047679,-0.003513
0.75,4.000000,0.047753,-0.004101
0.75,4.008333,0.047057,-0.045137
0.75,4.016667,0.047596,0.151464
0.75,4.025000,0.048643,0.119364
0.75,4.033333,0.048989,0.037673
0.75,4.041667,0.048692,-0.025880
0.75,4.050000,0.048151,-0.043421
0.75,4.058333,0.047465,-0.053175
0.75,4.066667,0.047277,0.031217
0.75,4.075000,0.048150,0.177292
0.75,4.083333,0.048947,0.095552
0.75,4.091667,0.049062,0.013779
0.75,4.100000,0.048496,-0.059057
0.75,4.108333,0.047581,-0.132162
0.75,4.116667,0.046532,-0.085933
0.75,4.125000,0.047715,0.079386
0.75,4.133333,0.048169,0.028942
0.75,4.141667,0.047749,-0.036520
0.75,4.150000,0.047474,0.037369
0.75,4.158333,0.047557,-0.028389
0.75,4.166667,0.047059,-0.044351
0.75,4.175000,0.047548,0.089360
0.75,4.183333,0.048290,0.084580
0.75,4.191667,0.048686,0.060142
0.75,4.200000,0.048504,0.004336
0.75,4.208333,0.047970,-0.023220
0.75,4.216667,0.047236,-0.095174
0.75,4.225000,0.047096,0.001245
0.75,4.233333,0.047596,0.003393
0.75,4.241667,0.049506,0.257675
0.75,4.250000,0.051356,0.242230
0.75,4.258333,0.052695,0.160429
0.75,4.266667,0.053352,0.078638
0.75,4.275000,0.053328,-0.003153
0.75,4.283333,0.052623,-0.084943
0.75,4.291667,0.051297,-0.119382
0.75,4.300000,0.050237,-0.108041
0.75,4.308333,0.049060,-0.130908
0.75,4.316667,0.047722,-0.074088
0.75,4.325000,0.047057,-0.060887
0.75,4.333333,0.047280,-0.005315
0.75,4.341667,0.047630,0.031698
0.75,4.350000,0.047730,0.029894
0.75,4.358333,0.047566,0.043034
0.75,4.366667,0.048906,0.111447
0.75,4.375000,0.049445,0.056762
0.75,4.383333,0.049238,-0.025140
0.75,4.391667,0.048762,-0.047925
0.75,4.400000,0.047852,-0.120215
0.75,4.408333,0.047026,-0.039930
0.75,4.416667,0.047657,0.052238
0.75,4.425000,0.048066,0.021577
0.75,4.433333,0.047737,-0.026121
0.75,4.441667,0.047432,-0.061868
0.75,4.450000,0.047065,-0.083746
0.75,4.458333,0.047238,-0.079024
0.75,4.466667,0.047644,0.069258
0.75,4.475000,0.047769,0.007596
0.75,4.483333,0.047315,-0.057756
0.75,4.491667,0.047427,-0.019768
0.75,4.500000,0.047489,0.034207
0.75,4.508333,0.047320,0.017180
0.75,4.516667,0.047634,0.049710
0.75,4.525000,0.047772,-0.005624
0.75,4.533333,0.047232,-0.007725
0.75,4.541667,0.047683,0.127475
0.75,4.550000,0.049885,0.263899
0.75,4.558333,0.051405,0.181771
0.75,4.566667,0.052245,0.099667
0.75,4.575000,0.052417,0.060747
0.75,4.583333,0.052784,-0.001322
0.75,4.591667,0.052098,-0.083117
0.75,4.600000,0.051385,-0.041873
0.75,4.608333,0.050580,-0.115516
0.75,4.616667,0.049236,-0.146003
0.75,4.625000,0.048012,-0.159886
0.75,4.633333,0.047444,-0.029910
0.75,4.641667,0.048331,0.140635
0.75,4.650000,0.049336,0.218257
0.75,4.658333,0.050527,0.147950
0.75,4.666667,0.051079,0.066195
0.75,4.675000,0.050950,-0.015565
0.75,4.683333,0.050140,-0.097324
0.75,4.691667,0.048794,-0.148616
0.75,4.700000,0.047782,-0.125223
0.75,4.708333,0.047427,-0.055541
0.75,4.716667,0.047258,0.057119
0.75,4.725000,0.047953,0.101713
0.75,4.733333,0.048188,0.019874
0.75,4.741667,0.047799,-0.034031
0.75,4.750000,0.047616,-0.001094
0.75,4.758333,0.047749,0.064862
0.75,4.766667,0.047936,0.025722
0.75,4.775000,0.047728,-0.008423
0.75,4.783333,0.047723,0.023799
0.75,4.791667,0.047338,-0.055820
0.75,4.800000,0.046897,-0.017737
0.75,4.808333,0.047992,0.058456
0.75,4.816667,0.047904,0.032110
0.75,4.825000,0.047889,0.079203
0.75,4.833333,0.048330,0.075387
0.75,4.841667,0.048277,0.021168
0.75,4.850000,0.047776,-0.050636
0.75,4.858333,0.047037,-0.007218
0.75,4.866667,0.048002,0.063587
0.75,4.875000,0.048101,0.009102
0.75,4.883333,0.047551,-0.065760
0.75,4.891667,0.047099,-0.061498
0.75,4.900000,0.046715,-0.071649
0.75,4.908333,0.047505,0.042173
0.75,4.916667,0.048456,0.086478
0.75,4.925000,0.048499,0.004614
0.75,4.933333,0.048151,-0.034939
0.75,4.941667,0.047583,-0.057618
0.75,4.950000,0.046939,-0.092979
0.75,4.958333,0.046990,-0.042916
0.75,4.966667,0.047313,0.001338
0.75,4.975000,0.047107,-0.010074
0.75,4.983333,0.047346,0.010383
0.75,4.991667,0.047554,-0.001857
1.0,0.000000,0.048271,0.063471
1.0,0.008333,0.048118,0.028931
1.0,0.016667,0.047714,-0.021326
1.0,0.025000,0.047242,0.062175
1.0,0.033333,0.048351,0.148403
1.0,0.041667,0.048909,0.104948
1.0,0.050000,0.049107,0.054632
1.0,0.058333,0.048880,-0.027378
1.0,0.066667,0.048072,-0.076147
1.0,0.075000,0.047287,-0.073449
1.0,0.083333,0.047168,0.059035
1.0,0.091667,0.048818,0.120385
1.0,0.100000,0.049193,0.051819
1.0,0.108333,0.049022,0.024087
1.0,0.116667,0.049219,-0.009118
1.0,0.125000,0.048881,-0.022418
1.0,0.133333,0.048049,-0.091044
1.0,0.141667,0.047064,-0.028576
1.0,0.150000,0.047683,0.098697
1.0,0.158333,0.048753,0.065451
1.0,0.166667,0.048984,0.009741
1.0,0.175000,0.048898,-0.024107
1.0,0.183333,0.048479,-0.069665
1.0,0.191667,0.047515,-0.058968
1.0,0.200000,0.046977,-0.067410
1.0,0.208333,0.047114,-0.032340
1.0,0.216667,0.047109,-0.036596
1.0,0.225000,0.047056,0.167267
1.0,0.233333,0.049068,0.239617
1.0,0.241667,0.050384,0.157852
1.0,0.250000,0.051019,0.076010
1.0,0.258333,0.050973,-0.005835
1.0,0.266667,0.050279,-0.039216
1.0,0.275000,0.049551,-0.008205
1.0,0.283333,0.049162,0.013080
1.0,0.291667,0.049549,0.063711
1.0,0.300000,0.049981,0.016125
1.0,0.308333,0.049965,-0.000753
1.0,0.316667,0.049426,-0.069991
1.0,0.325000,0.048184,-0.137916
1.0,0.333333,0.046816,-0.113227
1.0,0.341667,0.047763,0.111759
1.0,0.350000,0.048513,0.141579
1.0,0.358333,0.049008,0.078968
1.0,0.366667,0.048989,0.000708
1.0,0.375000,0.048315,-0.009576
1.0,0.383333,0.048254,0.010050
1.0,0.391667,0.047762,-0.000886
1.0,0.400000,0.048083,-0.001803
1.0,0.408333,0.047730,0.033952
1.0,0.416667,0.053010,0.639291
1.0,0.425000,0.057665,0.557153
1.0,0.433333,0.061641,0.474875
1.0,0.441667,0.064937,0.392593
1.0,0.450000,0.067553,0.310311
1.0,0.458333,0.069491,0.228029
1.0,0.466667,0.070748,0.145750
1.0,0.475000,0.071326,0.063475
1.0,0.483333,0.071225,-0.018796
1.0,0.491667,0.070444,-0.097743
1.0,0.500000,0.069588,-0.113663
1.0,0.508333,0.069220,-0.087161
1.0,0.516667,0.068559,-0.118228
1.0,0.525000,0.066854,-0.200109
1.0,0.533333,0.064470,-0.282256
1.0,0.541667,0.061406,-0.364406
1.0,0.550000,0.057664,-0.446560
1.0,0.558333,0.053242,-0.513036
1.0,0.566667,0.050275,-0.424042
1.0,0.575000,0.047715,-0.150610
1.0,0.583333,0.048269,0.050997
1.0,0.591667,0.049651,0.161842
1.0,0.600000,0.050321,0.079612
1.0,0.608333,0.050746,0.081934
1.0,0.616667,0.050858,0.038776
1.0,0.625000,0.051120,0.089986
1.0,0.633333,0.051183,0.007335
1.0,0.641667,0.050568,-0.001508
1.0,0.650000,0.051192,0.055919
1.0,0.658333,0.050974,-0.026053
1.0,0.666667,0.050075,-0.108066
1.0,0.675000,0.048499,-0.137821
1.0,0.683333,0.048192,0.032336
1.0,0.691667,0.048621,0.036929
1.0,0.700000,0.048247,-0.044933
1.0,0.708333,0.047542,-0.061760
1.0,0.716667,0.046725,-0.045581
1.0,0.725000,0.048786,0.300330
1.0,0.733333,0.051397,0.322438
1.0,0.741667,0.053404,0.240635
1.0,0.750000,0.054729,0.158849
1.0,0.758333,0.055374,0.077064
1.0,0.766667,0.055337,-0.004721
1.0,0.775000,0.054620,-0.086507
1.0,0.783333,0.053221,-0.168293
1.0,0.791667,0.051265,-0.149045
1.0,0.800000,0.050228,-0.083311
1.0,0.808333,0.048926,-0.066361
1.0,0.816667,0.047975,-0.020078
1.0,0.825000,0.048123,0.012525
1.0,0.833333,0.048111,-0.035336
1.0,0.841667,0.048120,-0.008614
1.0,0.850000,0.047931,-0.075655
1.0,0.858333,0.046671,-0.010432
1.0,0.866667,0.048638,0.237653
1.0,0.875000,0.049937,0.156134
1.0,0.883333,0.050557,0.074349
1.0,0.891667,0.050496,-0.007436
1.0,0.900000,0.049785,-0.012285
1.0,0.908333,0.049696,-0.001528
1.0,0.916667,0.049204,0.025219
1.0,0.925000,0.050080,0.028735
1.0,0.933333,0.050628,0.210821
1.0,0.941667,0.052016,0.194646
1.0,0.950000,0.053783,0.210708
1.0,0.958333,0.054859,0.128960
1.0,0.966667,0.055255,0.047181
1.0,0.975000,0.054969,-0.034599
1.0,0.983333,0.054002,-0.116379
1.0,0.991667,0.052491,-0.198150
1.0,1.000000,0.050893,-0.218286
1.0,1.008333,0.049280,-0.197294
1.0,1.016667,0.047368,-0.125213
1.0,1.025000,0.048834,0.247551
1.0,1.033333,0.051691,0.268693
1.0,1.041667,0.053257,0.218787
1.0,1.050000,0.054426,0.145009
1.0,1.058333,0.054959,0.070824
1.0,1.066667,0.054881,0.001701
1.0,1.075000,0.054442,-0.033369
1.0,1.083333,0.053819,-0.063090
1.0,1.091667,0.052603,-0.145062
1.0,1.100000,0.050710,-0.222939
1.0,1.108333,0.048498,-0.230029
1.0,1.116667,0.046783,-0.099168
1.0,1.125000,0.048223,0.135320
1.0,1.133333,0.048865,0.129289
1.0,1.141667,0.049262,0.102353
1.0,1.150000,0.049507,0.069082
1.0,1.158333,0.049401,-0.012661
1.0,1.166667,0.048614,-0.094568
1.0,1.175000,0.047531,-0.090662
1.0,1.183333,0.047359,0.034807
1.0,1.191667,0.048358,0.119345
1.0,1.200000,0.049131,0.091758
1.0,1.208333,0.049215,0.010046
1.0,1.216667,0.048618,-0.071751
1.0,1.225000,0.047553,-0.123627
1.0,1.233333,0.046755,-0.055413
1.0,1.241667,0.047102,0.043537
1.0,1.250000,0.047874,0.122514
1.0,1.258333,0.048336,0.137535
1.0,1.266667,0.049046,0.060518
1.0,1.275000,0.048869,-0.006320
1.0,1.283333,0.048216,-0.070778
1.0,1.291667,0.047397,-0.055803
1.0,1.300000,0.048241,0.144563
1.0,1.308333,0.049641,0.131247
1.0,1.316667,0.050054,0.049377
1.0,1.325000,0.049787,-0.025555
1.0,1.333333,0.049223,-0.037866
1.0,1.341667,0.049549,0.008613
1.0,1.350000,0.048947,0.006641
1.0,1.358333,0.049633,0.015843
1.0,1.366667,0.049128,-0.013910
1.0,1.375000,0.048426,-0.031069
1.0,1.383333,0.047890,-0.043781
1.0,1.391667,0.047822,0.036490
1.0,1.400000,0.048241,-0.001483
1.0,1.408333,0.048145,0.006610
1.0,1.416667,0.048066,0.038900
1.0,1.425000,0.048269,0.093583
1.0,1.433333,0.048780,0.141792
1.0,1.441667,0.051201,0.201495
1.0,1.450000,0.052200,0.119507
1.0,1.458333,0.052520,0.037520
1.0,1.466667,0.052163,0.017511
1.0,1.475000,0.052436,0.016661
1.0,1.483333,0.051888,-0.065217
1.0,1.491667,0.050660,-0.147165
1.0,1.500000,0.048751,-0.229113
1.0,1.508333,0.046700,-0.159997
1.0,1.516667,0.046934,0.013535
1.0,1.525000,0.047210,0.078067
1.0,1.533333,0.047632,0.156495
1.0,1.541667,0.048708,0.178090
1.0,1.550000,0.049737,0.141955
1.0,1.558333,0.050239,0.060491
1.0,1.566667,0.050062,-0.021273
1.0,1.575000,0.049204,-0.103037
1.0,1.583333,0.047924,-0.099307
1.0,1.591667,0.047499,-0.009518
1.0,1.600000,0.047638,0.057986
1.0,1.608333,0.048373,0.220568
1.0,1.616667,0.049904,0.159849
1.0,1.625000,0.051216,0.171679
1.0,1.633333,0.051964,0.089870
1.0,1.641667,0.052031,0.008102
1.0,1.650000,0.051417,-0.073665
1.0,1.658333,0.050121,-0.155432
1.0,1.666667,0.048258,-0.178304
1.0,1.675000,0.049029,0.061101
1.0,1.683333,0.050202,0.196968
1.0,1.691667,0.051174,0.121340
1.0,1.700000,0.051621,0.073288
1.0,1.708333,0.051720,0.043430
1.0,1.716667,0.052046,0.018579
1.0,1.725000,0.051515,-0.058705
1.0,1.733333,0.050342,-0.140665
1.0,1.741667,0.048489,-0.204557
1.0,1.750000,0.047487,-0.044405
1.0,1.758333,0.049076,0.258104
1.0,1.766667,0.051713,0.287099
1.0,1.775000,0.053692,0.212085
1.0,1.783333,0.054820,0.135079
1.0,1.791667,0.056005,0.136431
1.0,1.800000,0.056463,0.054667
1.0,1.808333,0.056240,-0.027121
1.0,1.816667,0.055343,-0.094308
1.0,1.825000,0.054525,-0.075328
1.0,1.833333,0.053201,-0.157648
1.0,1.841667,0.051224,-0.194849
1.0,1.850000,0.049301,-0.214684
1.0,1.858333,0.047559,-0.054249
1.0,1.866667,0.048693,0.081655
1.0,1.875000,0.050573,0.255401
1.0,1.883333,0.052981,0.282313
1.0,1.891667,0.054654,0.200242
1.0,1.900000,0.055646,0.118291
1.0,1.908333,0.055958,0.036341
1.0,1.916667,0.055589,-0.045608
1.0,1.925000,0.054714,-0.067718
1.0,1.933333,0.054520,-0.062674
1.0,1.941667,0.053306,-0.111934
1.0,1.950000,0.051682,-0.194247
1.0,1.958333,0.049643,-0.240356
1.0,1.966667,0.047823,-0.141041
1.0,1.975000,0.046994,0.009626
1.0,1.983333,0.048585,0.146648
1.0,1.991667,0.049128,0.064959
1.0,2.000000,0.048989,-0.016841
1.0,2.008333,0.048230,-0.047833
1.0,2.016667,0.047818,-0.061972
1.0,2.025000,0.046828,-0.024537
1.0,2.033333,0.050115,0.243209
1.0,2.041667,0.051786,0.260602
1.0,2.050000,0.053467,0.204815
1.0,2.058333,0.054492,0.122920
1.0,2.066667,0.054836,0.041136
1.0,2.075000,0.054499,-0.040644
1.0,2.083333,0.053480,-0.119054
1.0,2.091667,0.051831,-0.184364
1.0,2.100000,0.050105,-0.139626
1.0,2.108333,0.049692,-0.052303
1.0,2.116667,0.049388,0.027645
1.0,2.125000,0.050529,0.123999
1.0,2.133333,0.050880,0.041627
1.0,2.141667,0.050551,-0.040737
1.0,2.150000,0.050360,-0.018070
1.0,2.158333,0.050079,-0.050889
1.0,2.166667,0.049095,-0.071707
1.0,2.175000,0.048359,-0.046928
1.0,2.183333,0.047608,-0.085306
1.0,2.191667,0.046377,-0.044258
1.0,2.200000,0.047705,0.034787
1.0,2.208333,0.051261,0.667609
1.0,2.216667,0.056160,0.586190
1.0,2.225000,0.060388,0.503630
1.0,2.233333,0.063939,0.421077
1.0,2.241667,0.066811,0.338535
1.0,2.250000,0.069006,0.256007
1.0,2.258333,0.070523,0.173495
1.0,2.266667,0.071362,0.135695
1.0,2.275000,0.072426,0.089642
1.0,2.283333,0.072556,0.075270
1.0,2.291667,0.072647,0.003252
1.0,2.300000,0.071975,-0.078654
1.0,2.308333,0.070622,-0.160564
1.0,2.316667,0.068589,-0.242475
1.0,2.325000,0.066004,-0.319239
1.0,2.333333,0.063282,-0.368206
1.0,2.341667,0.060795,-0.308684
1.0,2.350000,0.058227,-0.358900
1.0,2.358333,0.054720,-0.417693
1.0,2.366667,0.050920,-0.476070
1.0,2.375000,0.046673,-0.237223
1.0,2.383333,0.048813,0.191915
1.0,2.391667,0.049732,0.132333
1.0,2.400000,0.050265,0.074437
1.0,2.408333,0.050685,0.044235
1.0,2.416667,0.050372,-0.024297
1.0,2.425000,0.049527,-0.055391
1.0,2.433333,0.048447,-0.137382
1.0,2.441667,0.046848,-0.128534
1.0,2.450000,0.046596,-0.093807
1.0,2.458333,0.046976,0.015655
1.0,2.466667,0.047550,-0.040274
1.0,2.475000,0.047687,0.117261
1.0,2.483333,0.049082,0.092530
1.0,2.491667,0.049171,0.020942
1.0,2.500000,0.048867,0.015526
1.0,2.508333,0.048314,-0.055154
1.0,2.516667,0.047643,0.004364
1.0,2.525000,0.048103,0.046605
1.0,2.533333,0.048630,0.040279
1.0,2.541667,0.049877,0.105598
1.0,2.550000,0.050079,0.023835
1.0,2.558333,0.049804,0.006090
1.0,2.566667,0.050006,-0.019617
1.0,2.575000,0.049557,-0.044647
1.0,2.583333,0.049248,-0.086839
1.0,2.591667,0.047841,-0.157220
1.0,2.600000,0.046788,-0.052737
1.0,2.608333,0.051026,0.621685
1.0,2.616667,0.055520,0.538514
1.0,2.625000,0.059338,0.455382
1.0,2.633333,0.062480,0.372251
1.0,2.641667,0.064947,0.289127
1.0,2.650000,0.066739,0.206013
1.0,2.658333,0.067854,0.183422
1.0,2.666667,0.069841,0.212011
1.0,2.675000,0.070938,0.130248
1.0,2.683333,0.071354,0.048491
1.0,2.691667,0.071088,-0.033263
1.0,2.700000,0.070141,-0.115014
1.0,2.708333,0.068645,-0.191897
1.0,2.716667,0.067187,-0.256747
1.0,2.725000,0.065345,-0.211913
1.0,2.733333,0.062957,-0.294552
1.0,2.741667,0.059791,-0.357979
1.0,2.750000,0.056333,-0.413485
1.0,2.758333,0.052781,-0.398695
1.0,2.766667,0.049180,-0.412289
1.0,2.775000,0.047042,-0.069084
1.0,2.783333,0.047192,0.093422
1.0,2.791667,0.047565,0.051731
1.0,2.800000,0.047593,0.003547
1.0,2.808333,0.047095,-0.062059
1.0,2.816667,0.046792,0.027138
1.0,2.825000,0.046806,0.037903
1.0,2.833333,0.048422,0.279704
1.0,2.841667,0.051073,0.205168
1.0,2.850000,0.052240,0.147157
1.0,2.858333,0.053189,0.126223
1.0,2.866667,0.054981,0.231261
1.0,2.875000,0.056215,0.148982
1.0,2.883333,0.056769,0.066596
1.0,2.891667,0.056644,-0.015793
1.0,2.900000,0.055841,-0.098184
1.0,2.908333,0.054358,-0.138687
1.0,2.916667,0.054065,-0.174189
1.0,2.925000,0.052179,-0.203183
1.0,2.933333,0.050189,-0.200313
1.0,2.941667,0.048613,-0.174513
1.0,2.950000,0.047609,0.039236
1.0,2.958333,0.048182,0.044362
1.0,2.966667,0.048234,0.005046
1.0,2.975000,0.048026,-0.013876
1.0,2.983333,0.047959,-0.050754
1.0,2.991667,0.047333,-0.046541
1.0,3.000000,0.047922,0.078470
1.0,3.008333,0.049447,0.143714
1.0,3.016667,0.049983,0.061756
1.0,3.025000,0.049981,0.021030
1.0,3.033333,0.050033,-0.046249
1.0,3.041667,0.048965,-0.114046
1.0,3.050000,0.047547,-0.110698
1.0,3.058333,0.047256,0.043116
1.0,3.066667,0.050061,0.295981
1.0,3.075000,0.052559,0.298622
1.0,3.083333,0.054586,0.292463
1.0,3.091667,0.056350,0.210465
1.0,3.100000,0.057434,0.128561
1.0,3.108333,0.057837,0.046658
1.0,3.116667,0.057559,-0.035244
1.0,3.125000,0.056601,-0.106796
1.0,3.133333,0.055458,-0.129129
1.0,3.141667,0.054817,-0.097882
1.0,3.150000,0.053434,-0.141838
1.0,3.158333,0.052771,-0.145401
1.0,3.166667,0.050870,-0.224241
1.0,3.175000,0.048552,-0.224236
1.0,3.183333,0.047817,-0.091513
1.0,3.191667,0.047610,-0.033531
1.0,3.200000,0.047649,-0.015953
1.0,3.208333,0.047769,-0.012174
1.0,3.216667,0.047551,-0.014622
1.0,3.225000,0.048011,0.100361
1.0,3.233333,0.048167,0.025501
1.0,3.241667,0.047773,0.000574
1.0,3.250000,0.047292,-0.042629
1.0,3.258333,0.046584,-0.008944
1.0,3.266667,0.048263,0.214233
1.0,3.275000,0.049377,0.135390
1.0,3.283333,0.049824,0.053551
1.0,3.291667,0.049590,-0.028289
1.0,3.300000,0.048821,-0.066307
1.0,3.308333,0.048232,-0.128884
1.0,3.316667,0.046865,-0.134090
1.0,3.325000,0.046753,0.027149
1.0,3.333333,0.047870,0.038920
1.0,3.341667,0.047591,0.066252
1.0,3.350000,0.048355,0.034243
1.0,3.358333,0.047975,-0.027752
1.0,3.366667,0.047346,-0.108859
1.0,3.375000,0.046328,-0.008111
1.0,3.383333,0.047990,0.130731
1.0,3.391667,0.048841,0.120436
1.0,3.400000,0.049164,0.054087
1.0,3.408333,0.049106,0.028804
1.0,3.416667,0.049272,0.002711
1.0,3.425000,0.048625,-0.076713
1.0,3.433333,0.047304,-0.153227
1.0,3.441667,0.046385,-0.069707
1.0,3.450000,0.047103,0.023134
1.0,3.458333,0.049562,0.377102
1.0,3.466667,0.053274,0.441280
1.0,3.475000,0.056277,0.359222
1.0,3.483333,0.058599,0.277290
1.0,3.491667,0.060241,0.195358
1.0,3.500000,0.061203,0.113427
1.0,3.508333,0.061483,0.031495
1.0,3.516667,0.061084,-0.050437
1.0,3.525000,0.060004,-0.099793
1.0,3.533333,0.058727,-0.143347
1.0,3.541667,0.057504,-0.062901
1.0,3.550000,0.056302,-0.051553
1.0,3.558333,0.055776,-0.050212
1.0,3.566667,0.054639,-0.133971
1.0,3.575000,0.052829,-0.217798
1.0,3.583333,0.050813,-0.161746
1.0,3.591667,0.049977,-0.096023
1.0,3.600000,0.049896,-0.091855
1.0,3.608333,0.048497,-0.170085
1.0,3.616667,0.046944,-0.144221
1.0,3.625000,0.046488,-0.020221
1.0,3.633333,0.047471,0.068002
1.0,3.641667,0.048297,0.052194
1.0,3.650000,0.048646,-0.004755
1.0,3.658333,0.048323,-0.053128
1.0,3.666667,0.048187,-0.056788
1.0,3.675000,0.047267,-0.079639
1.0,3.683333,0.046850,-0.000045
1.0,3.691667,0.048125,0.046369
1.0,3.700000,0.047895,0.007173
1.0,3.708333,0.048117,-0.020428
1.0,3.716667,0.047273,0.001771
1.0,3.725000,0.047531,0.151459
1.0,3.733333,0.048576,0.117774
1.0,3.741667,0.048876,0.039045
1.0,3.750000,0.048521,-0.028464
1.0,3.758333,0.047970,0.016859
1.0,3.766667,0.048191,0.131373
1.0,3.775000,0.049137,0.049564
1.0,3.783333,0.048932,-0.015367
1.0,3.791667,0.049008,-0.024531
1.0,3.800000,0.048407,-0.075668
1.0,3.808333,0.047284,-0.147446
1.0,3.816667,0.046527,0.031226
1.0,3.825000,0.049950,0.395316
1.0,3.833333,0.052572,0.313227
1.0,3.841667,0.054515,0.231001
1.0,3.850000,0.055779,0.148779
1.0,3.858333,0.056363,0.066562
1.0,3.866667,0.056425,0.020182
1.0,3.875000,0.056495,0.014575
1.0,3.883333,0.056335,0.074995
1.0,3.891667,0.056356,0.108728
1.0,3.900000,0.056530,0.025030
1.0,3.908333,0.056029,-0.058063
1.0,3.916667,0.054852,-0.141161
1.0,3.925000,0.052998,-0.224258
1.0,3.933333,0.050603,-0.144482
1.0,3.941667,0.051573,0.021668
1.0,3.950000,0.051065,-0.061104
1.0,3.958333,0.050186,-0.009656
1.0,3.966667,0.050711,0.050462
1.0,3.975000,0.050448,-0.032005
1.0,3.983333,0.049600,-0.057271
1.0,3.991667,0.050107,0.015006
1.0,4.000000,0.050258,0.064063
1.0,4.008333,0.050872,0.104931
1.0,4.016667,0.051659,0.126124
1.0,4.025000,0.052100,0.062747
1.0,4.033333,0.052215,0.000605
1.0,4.041667,0.052026,-0.021813
1.0,4.050000,0.051360,-0.103628
1.0,4.058333,0.049809,-0.159852
1.0,4.066667,0.048102,-0.167830
1.0,4.075000,0.046945,-0.084335
1.0,4.083333,0.046900,-0.057666
1.0,4.091667,0.046549,-0.076622
1.0,4.100000,0.047450,0.062014
1.0,4.108333,0.047707,0.010375
1.0,4.116667,0.047740,0.003271
1.0,4.125000,0.047489,0.038283
1.0,4.133333,0.047602,0.077997
1.0,4.141667,0.048576,0.054475
1.0,4.150000,0.049190,-0.022202
1.0,4.158333,0.048949,0.010802
1.0,4.166667,0.048360,-0.070797
1.0,4.175000,0.047277,-0.077248
1.0,4.183333,0.047132,0.014618
1.0,4.191667,0.046966,-0.012329
1.0,4.200000,0.046957,0.008611
1.0,4.208333,0.047579,0.051488
1.0,4.216667,0.047332,0.027278
1.0,4.225000,0.047341,-0.010496
1.0,4.233333,0.046888,-0.027905
1.0,4.241667,0.047480,0.018699
1.0,4.250000,0.047227,0.006126
1.0,4.258333,0.047570,0.056453
1.0,4.266667,0.048036,0.025493
1.0,4.275000,0.047567,-0.036301
1.0,4.283333,0.046793,-0.087835
1.0,4.291667,0.046233,0.048372
1.0,4.300000,0.048052,0.136744
1.0,4.308333,0.048669,0.081775
1.0,4.316667,0.048855,0.156838
1.0,4.325000,0.049977,0.159621
1.0,4.333333,0.050625,0.077792
1.0,4.341667,0.050592,-0.004043
1.0,4.350000,0.049879,-0.085880
1.0,4.358333,0.048535,-0.141409
1.0,4.366667,0.047816,-0.096607
1.0,4.375000,0.047007,0.027927
1.0,4.383333,0.047855,0.036636
1.0,4.391667,0.047534,0.049367
1.0,4.400000,0.048636,0.190214
1.0,4.408333,0.049540,0.108364
1.0,4.416667,0.049768,0.030282
1.0,4.425000,0.049340,-0.034273
1.0,4.433333,0.049216,0.056187
1.0,4.441667,0.049134,0.068002
1.0,4.450000,0.050191,0.105706
1.0,4.458333,0.050389,0.023815
1.0,4.466667,0.049907,-0.058080
1.0,4.475000,0.048879,-0.100715
1.0,4.483333,0.048090,-0.137053
1.0,4.491667,0.046884,-0.094069
1.0,4.500000,0.047054,-0.005011
1.0,4.508333,0.047268,0.045415
1.0,4.516667,0.048135,0.165444
1.0,4.525000,0.049001,0.137691
1.0,4.533333,0.049541,0.072712
1.0,4.541667,0.049599,0.045961
1.0,4.550000,0.049502,-0.031653
1.0,4.558333,0.048555,-0.105199
1.0,4.566667,0.047351,-0.152923
1.0,4.575000,0.046952,0.100166
1.0,4.583333,0.048148,0.114385
1.0,4.591667,0.048542,0.058407
1.0,4.600000,0.048403,-0.009136
1.0,4.608333,0.047673,-0.024834
1.0,4.616667,0.047135,-0.053885
1.0,4.625000,0.047867,0.076583
1.0,4.633333,0.048155,0.038661
1.0,4.641667,0.048940,0.026896
1.0,4.650000,0.048515,-0.018642
1.0,4.658333,0.047701,-0.035653
1.0,4.666667,0.047558,0.086253
1.0,4.675000,0.048756,0.088505
1.0,4.683333,0.049070,0.072393
1.0,4.691667,0.048995,0.025244
1.0,4.700000,0.049003,0.019740
1.0,4.708333,0.049294,0.091415
1.0,4.716667,0.049417,0.023300
1.0,4.725000,0.048931,-0.058718
1.0,4.733333,0.048160,-0.077462
1.0,4.741667,0.048142,-0.083063
1.0,4.750000,0.046881,-0.125636
1.0,4.758333,0.046513,-0.004804
1.0,4.766667,0.049983,0.400548
1.0,4.775000,0.052701,0.374610
1.0,4.783333,0.055146,0.292672
1.0,4.791667,0.056910,0.210824
1.0,4.800000,0.057992,0.128979
1.0,4.808333,0.058394,0.047135
1.0,4.816667,0.058115,-0.034708
1.0,4.825000,0.057155,-0.116547
1.0,4.833333,0.055598,-0.112989
1.0,4.841667,0.054669,-0.105801
1.0,4.850000,0.053089,-0.184611
1.0,4.858333,0.051552,-0.167024
1.0,4.866667,0.049816,-0.246806
1.0,4.875000,0.047398,-0.263550
1.0,4.883333,0.046969,-0.016580
1.0,4.891667,0.047181,-0.034143
1.0,4.900000,0.047547,0.176387
1.0,4.908333,0.048806,0.129840
1.0,4.916667,0.049534,0.077403
1.0,4.925000,0.049680,0.066168
1.0,4.933333,0.049868,0.048040
1.0,4.941667,0.050183,0.039196
1.0,4.950000,0.049827,-0.043242
1.0,4.958333,0.049204,-0.011252
1.0,4.966667,0.049281,-0.014675
1.0,4.975000,0.048915,-0.055451
1.0,4.983333,0.048006,-0.120324
1.0,4.991667,0.047496,0.014825
